sample_id,sb_as_ratio,cu_zn_ratio,au_ppm
S001,0.034482758620689655,0.35945945945945945,0.01
S002,0.07142857142857144,0.9235294117647058,0.005
S003,0.06666666666666667,0.6805555555555556,0.005
S004,0.04166666666666667,0.19166666666666668,0.005
S005,0.04782608695652174,0.555223880597015,0.01
S006,0.04042553191489361,0.839344262295082,0.005
S007,0.03166666666666667,0.6771428571428572,0.005
S008,0.011439114391143911,2.404,0.12
S009,0.007335907335907337,1.488888888888889,0.08
S010,0.043750000000000004,0.6064102564102564,0.005
S011,0.03015873015873016,1.396153846153846,0.01
S012,0.021052631578947368,8.4,0.01
S013,0.047619047619047616,0.8043478260869565,0.005
S014,0.043548387096774194,0.91875,0.005
S015,0.20625,0.4425925925925926,0.005
S016,0.017874396135265702,2.4973821989528795,0.93
S017,0.028124999999999997,0.7641509433962265,0.005
S018,0.05172413793103448,0.7536082474226804,0.005
S019,0.019411764705882354,0.24655172413793106,0.005
S020,0.016389548693586695,2.5053763440860215,0.89
S021,0.125,3.075,0.005
S022,0.021063394683026586,0.814935064935065,0.12
S023,0.1318181818181818,0.1688,0.005
S024,0.14444444444444446,0.10300751879699248,0.005
S025,0.125,0.09219858156028368,0.005
S026,0.06363636363636364,0.09868421052631579,0.005
S027,0.07272727272727272,0.13067484662576687,0.005
S028,0.007727272727272728,0.125,0.005
S029,0.025,0.09239130434782608,0.005
S030,0.020833333333333336,0.11188811188811189,0.005
S031,0.04871794871794872,0.05774647887323944,0.005
RC.BH19.012,0.0368421052631579,0.5099290780141844,0.005
RC.BH19.013,0.047619047619047616,0.29062499999999997,0.01
RC.BH19.014,0.03529411764705882,0.4303571428571429,0.01
RC.BH19.015,0.012499999999999999,0.5745762711864406,0.2
RC.BH19.016,0.014000000000000002,0.5075757575757576,0.04
RC.BH19.017,0.03783783783783784,0.33191489361702126,0.01
RC.BH19.018,0.04,0.534,0.005
RC.BH19.019,0.043589743589743594,0.4066666666666667,0.005
RC.BH19.020,0.045454545454545456,0.6837500000000001,0.005
RC.BH19.021,0.011304347826086957,0.5684210526315789,0.005
RC.BH19.022,0.02,0.24126984126984125,0.01
,0.029629629629629627,0.42000000000000004,0.01
RC.BH19.023,0.014141414141414142,0.8189655172413793,0.01
RC.BH19.024,0.005777777777777778,0.6385416666666667,0.02
RC.BH19.025,0.0055658627087198514,0.6169014084507042,0.01
RC.BH19.026,0.02372262773722628,0.21655172413793103,0.29
RC.BH19.027,0.020594965675057208,0.2581818181818182,0.4
,0.08333333333333334,0.5,0.005
RC.BH19.028,0.044059405940594064,0.3469026548672567,0.51
RC.BH19.029,0.017575083426028922,0.2617283950617284,0.13
RC.BH19.030,0.037209302325581395,0.06458333333333334,0.02
RC.BH19.031,0.043750000000000004,0.039411764705882354,0.01
RC.BH19.032,0.05897435897435898,0.19079754601226995,0.01
RC.BH19.033,0.075,0.040116279069767447,0.01
RC.BH19.034,0.03225806451612903,0.2827586206896552,0.01
RC.BH19.035,0.02526315789473684,0.281875,0.01
RC.BH19.036,0.05714285714285715,0.18430232558139534,0.005
RC.BH19.037,0.013846153846153845,0.3051948051948052,0.01
RC.BH19.038,0.012,0.3666666666666667,0.005
RC.BH19.039,0.038461538461538464,0.08705035971223021,0.005
RC.BH19.040,0.03,0.11692307692307692,0.01
RC.BH19.041,0.026086956521739132,0.44809160305343515,0.01
RC.BH19.042,0.02,0.14932432432432433,0.005
RC.BH19.043,0.026086956521739132,0.07636363636363637,0.005
RC.BH19.044,0.04615384615384615,0.046363636363636364,0.005
RC.BH19.045,0.027083333333333334,0.31313131313131315,0.005
,0.012037037037037037,0.8066666666666666,0.01
RC.BH19.046,0.0368421052631579,0.48823529411764705,0.005
RC.BH19.047,0.0368421052631579,1.1145454545454545,0.005
RC.BH19.048,0.00623229461756374,0.06615384615384615,0.005
RC.BH19.049,0.0043417366946778705,0.047619047619047616,0.005
RC.BH19.050,0.005543710021321962,0.04090909090909091,0.01
RC.BH19.051,0.004126984126984127,0.05,0.005
RC.BH19.052,0.004067796610169492,0.04615384615384615,0.005
RC.BH19.053,0.004441260744985674,0.14666666666666667,0.005
RC.BH19.054,0.003529411764705882,0.096,0.005
RC.BH19.055,0.004538799414348463,0.18181818181818182,0.005
RC.BH19.056,0.0045996592844974446,0.19545454545454544,0.005
RC.BH19.057,0.005084745762711864,0.765,0.01
RC.BH19.058,0.006321839080459771,0.7666666666666667,0.005
RC.BH19.059,0.004017857142857143,0.290625,0.005
RC.BH19.060,0.004176334106728538,0.30000000000000004,0.01
RC.BH19.061,0.0043668122270742364,0.6764705882352942,0.005
RC.BH19.062,0.007086614173228346,0.5380952380952382,0.005
RC.BH19.063,0.005511811023622047,0.4,0.01
RC.BH19.064,0.004830421377183967,0.52,0.01
RC.BH19.065,0.005254237288135593,0.5454545454545454,0.005
RC.BH19.066,0.0028846153846153848,0.24285714285714285,0.005
RC.BH19.067,0.003482587064676617,0.175,0.005
RC.BH19.068,0.00356687898089172,0.17368421052631577,0.01
RC.BH19.069,0.003891213389121339,0.023809523809523808,0.01
,0.05210526315789474,0.3251063829787234,0.48
RC.BH19.070,0.0036875,0.038461538461538464,0.005
RC.BH19.071,0.003625730994152047,0.13846153846153847,0.01
RC.BH19.072,0.004972972972972973,0.39333333333333337,0.005
RC.BH19.073,0.0038242894056847543,0.24615384615384617,0.005
RC.BH19.074,0.00421875,0.2545454545454545,0.005
RC.BH19.075,0.010576923076923076,0.5666666666666667,0.005
RC.BH19.076,0.007333333333333333,0.58125,0.005
RC.BH19.077,0.023636363636363636,0.11206896551724138,0.01
RC.BH19.078,0.025000000000000005,0.0663157894736842,0.005
RC.BH19.079,0.034210526315789476,0.15459770114942528,0.01
RC.BH19.080,0.036956521739130443,0.09176470588235294,0.005
RC.BH19.081,0.024,0.017037037037037035,0.01
RC.BH19.082,0.06,0.048214285714285716,0.005
RC.BH19.083,0.044444444444444446,0.46991150442477875,0.01
RC.BH20.017,0.0625,0.18214285714285713,0.005
RC.BH20.018,0.08571428571428572,0.23461538461538461,0.005
RC.BH20.019,0.09999999999999999,0.4909090909090909,0.01
RC.BH20.020,0.08750000000000001,0.7148648648648649,0.005
RC.BH20.021,0.026000000000000002,1.6016393442622952,0.01
RC.BH20.022,0.03928571428571429,0.542,0.01
RC.BH20.023,0.0391304347826087,0.512280701754386,0.01
RC.BH20.024,0.04210526315789474,0.46329113924050636,0.01
RC.BH20.025,0.008759124087591242,0.29333333333333333,0.01
RC.BH20.026,0.004044943820224719,0.4432432432432432,0.08
,0.005236907730673316,0.3030888030888031,0.67
RC.BH20.027,0.06,0.5402597402597403,0.01
RC.BH20.028,0.13333333333333333,1.2714285714285714,0.01
RC.BH20.029,0.125,0.2878787878787879,0.01
RC.BH20.030,0.14,0.24957264957264957,0.01
RC.BH20.031,0.17142857142857143,0.19423076923076923,0.01
RC.BH20.032,0.06666666666666667,0.2923076923076923,0.01
RC.BH20.033,0.03,0.1760869565217391,0.05
RC.BH20.034,0.03333333333333333,0.4102040816326531,0.02
RC.BH20.035,0.007202216066481994,3.479338842975207,5.93
RC.BH20.036,0.0045871559633027525,0.29266409266409266,0.82
,0.08333333333333334,0.26666666666666666,0.01
RC.BH20.037,0.006382978723404255,0.9106382978723404,0.1
RC.BH20.038,0.024242424242424246,0.35660377358490564,0.01
RC.BH20.039,0.009183673469387754,0.1372340425531915,0.01
RC.BH20.040,0.013131313131313131,0.7818181818181819,0.01
RC.BH20.041,0.013043478260869565,0.22659574468085106,0.005
RC.BH20.042,0.020634920634920638,0.4524193548387097,0.01
RC.BH20.043,0.015254237288135592,0.6311111111111111,0.005
RC.BH20.044,0.01764705882352941,0.32,0.01
RC.BH20.045,0.045454545454545456,0.11067961165048544,0.005
RC.BH20.046,0.02888888888888889,0.13440860215053763,0.005
RC.BH20.047,0.023076923076923078,0.1083969465648855,0.005
RC.BH20.048,0.05333333333333334,0.16947368421052633,0.005
RC.BH20.049,0.04468085106382978,0.2350649350649351,0.005
,0.012903225806451611,0.8549295774647888,0.01
RC.BH20.050,0.045454545454545456,0.39,0.005
RC.BH20.051,0.03829787234042553,0.6324675324675325,0.01
RC.BH20.052,0.047058823529411764,0.588421052631579,0.005
RC.BH20.053,0.039024390243902446,0.5755905511811024,0.005
RC.BH20.054,0.020689655172413793,0.08620689655172414,0.06
RC.BH20.055,0.027083333333333334,0.25816326530612244,0.005
,0.125,0.44000000000000006,0.005
RC.BH20.056,0.009999999999999998,0.24329896907216497,0.005
RC.BH20.057,0.008977556109725685,1.8333333333333333,0.01
RC.BH20.058,0.005555555555555556,0.7397260273972602,0.01
RC.BH20.059,0.016577540106951873,0.43899371069182386,0.005
RC.BH20.060,0.024489795918367346,0.32781954887218046,0.005
RC.BH20.061,0.052000000000000005,0.13037974683544304,0.005
RC.BH20.062,0.07272727272727272,0.07365269461077845,0.01
RC.BH20.063,0.08333333333333333,0.06580645161290322,0.01
RC.BH20.064,0.05396825396825397,0.23053892215568864,0.01
RC.BH20.065,0.0923076923076923,0.06282051282051282,0.005
RC.BH20.066,0.08636363636363635,0.4908256880733945,0.005
RC.BH20.067,0.027272727272727275,0.23157894736842105,0.005
RC.BH20.068,0.012,0.421978021978022,0.01
RC.BH20.069,0.015231788079470199,0.6397435897435897,0.005
RC.BH20.070,0.014545454545454545,0.911864406779661,0.005
RC.BH20.071,0.041666666666666664,0.4691119691119691,0.005
RC.BH20.072,0.03181818181818182,0.8741071428571429,0.005
,0.030769230769230774,0.2396039603960396,0.01
RC.BH20.073,0.011392405063291138,0.8703125,0.005
RC.BH20.074,0.02702702702702703,0.7166666666666667,0.005
RC.BH20.075,0.029032258064516127,0.4061224489795918,0.005
RC.BH20.076,0.0393939393939394,0.39869281045751637,0.005
RC.BH20.077,0.03064516129032258,1.0,0.005
RC.BH20.078,0.028205128205128206,0.14326241134751772,0.005
RC.BH20.079,0.043333333333333335,0.09298245614035087,0.005
RC.BH20.080,0.041509433962264156,0.408641975308642,0.005
RC.BH20.081,0.0625,0.07701149425287357,0.005
RC.BH20.082,0.12,0.05641025641025642,0.005
RC.BH20.083,0.08750000000000001,0.05918367346938775,0.005
RC.BH20.084,0.10000000000000002,0.04396551724137931,0.005
RC.BH20.085,0.10000000000000002,0.09743589743589744,0.005
RC.BH20.086,0.054545454545454536,0.2822222222222222,0.01
RC.BH20.087,0.07647058823529412,0.12033898305084745,0.005
RC.BH20.088,0.09473684210526316,0.2975609756097561,0.005
RC.BH20.089,0.12222222222222222,0.0911764705882353,0.005
RC.BH20.090,0.0642857142857143,0.14925373134328357,0.005
RC.BH20.091,0.07083333333333335,0.11875,0.005
RC.BH20.092,0.07272727272727272,0.13243243243243244,0.005
RC.BH21.008,0.054545454545454536,0.5268518518518518,0.005
RC.BH21.009,0.10625,0.19999999999999998,0.005
RC.BH21.010,0.04,0.7772727272727272,0.005
RC.BH21.011,0.04210526315789474,0.6327272727272727,0.005
,0.009855072463768117,3.920245398773006,0.8
RC.BH21.012,0.04655172413793104,0.6833333333333333,0.005
RC.BH21.013,0.05853658536585366,0.19599999999999998,0.005
RC.BH21.014,0.06904761904761904,0.2727272727272727,0.01
RC.BH21.015,0.0368421052631579,0.30925925925925923,0.005
RC.BH21.016,0.04883720930232558,0.878125,0.005
RC.BH21.017,0.09090909090909091,0.6531914893617021,0.005
RC.BH21.018,0.08333333333333333,0.1856353591160221,0.005
RC.BH21.019,0.037096774193548385,0.677570093457944,0.01
RC.BH21.020,0.017040358744394617,18.036363636363635,1.8
RC.BH21.021,0.009880239520958085,3.9696969696969697,0.48
,0.0625,1.0,0.005
RC.BH21.022,0.020967741935483872,0.4371900826446281,0.07
RC.BH21.023,0.007835820895522387,0.2048076923076923,0.01
RC.BH21.024,0.011111111111111112,0.16896551724137931,0.49
RC.BH21.025,0.010891089108910892,0.24186046511627907,0.04
RC.BH21.026,0.010891089108910892,1.1195652173913044,0.01
RC.BH21.027,0.018867924528301886,0.7892857142857143,0.01
RC.BH21.028,0.007100591715976332,0.5456521739130435,0.06
RC.BH21.029,0.011267605633802818,0.92,0.57
RC.BH21.030,0.01,0.7364016736401674,3.27
RC.BH21.031,0.055,0.3363057324840764,0.08
RC.BH21.032,0.1285714285714286,0.11985815602836879,0.01
RC.BH21.033,0.08666666666666667,0.0783673469387755,0.005
RC.BH21.034,0.04285714285714285,0.15944055944055943,0.005
,0.0044921875,0.178743961352657,0.07
RC.BH21.035,0.047058823529411764,0.4371621621621622,0.005
RC.BH21.036,0.043750000000000004,0.10617283950617283,0.005
RC.BH21.037,0.03235294117647059,0.1345415778251599,0.01
RC.BH21.038,0.057534246575342465,0.5150943396226415,0.02
RC.BH21.039,0.017910447761194027,0.30612244897959184,0.01
RC.BH21.040,0.009760956175298804,0.31920529801324504,0.01
RC.BH21.041,0.004485981308411215,0.18396226415094338,0.03
,0.08333333333333334,0.3833333333333333,0.01
RC.BH21.042,0.06999999999999999,0.09848484848484848,0.005
RC.BH21.043,0.02987012987012987,0.2727272727272727,0.01
RC.BH21.044,0.01886792452830189,0.20053763440860214,0.005
RC.BH21.045,0.02916666666666667,0.3875,0.005
RC.BH21.046,0.04,0.18074074074074073,0.005
RC.BH21.047,0.01875,2.4921052631578946,0.005
RC.BH21.048,0.006956521739130435,2.8378378378378377,0.005
RC.BH21.049,0.038461538461538464,2.485294117647059,0.005
RC.BH21.050,0.04736842105263158,1.724390243902439,0.005
RC.BH21.051,0.015555555555555557,0.9452380952380953,0.005
RC.BH21.052,0.024999999999999998,0.8514285714285714,0.005
RC.BH21.053,0.03571428571428572,0.16833333333333333,0.005
RC.BH21.054,0.052631578947368425,0.185,0.005
RC.BH22.010,0.0411764705882353,0.6598290598290598,0.005
,0.015714285714285715,0.34564102564102567,0.31
RC.BH22.011,0.08571428571428572,0.2806451612903226,0.005
RC.BH22.012,0.011475409836065573,0.375,0.005
RC.BH22.013,0.01818181818181818,0.28181818181818186,0.01
RC.BH22.014,0.054545454545454536,0.24545454545454548,0.005
RC.BH22.015,0.019047619047619046,0.3609756097560976,0.005
RC.BH22.016,0.02753623188405797,1.3064516129032258,0.01
RC.BH22.017,0.043750000000000004,1.9454545454545453,0.005
RC.BH22.018,0.09,0.3433962264150943,0.005
RC.BH22.019,0.06470588235294118,0.49795918367346936,0.005
RC.BH22.020,0.07058823529411765,0.37719298245614036,0.01
RC.BH22.021,0.09,0.5434782608695652,0.005
RC.BH22.022,0.06923076923076922,0.725,0.005
RC.BH22.023,0.06666666666666667,1.4696969696969697,0.005
RC.BH22.024,0.028440366972477062,0.8988372093023256,0.005
RC.BH22.025,0.010169491525423728,2.2115384615384617,0.08
RC.BH22.026,0.0154320987654321,1.8285714285714287,0.02
RC.BH22.027,0.011764705882352941,0.8403846153846154,0.005
RC.BH22.028,0.027142857142857142,0.7847826086956522,0.005
RC.BH22.029,0.023880597014925373,1.4064516129032258,0.005
RC.BH22.030,0.023076923076923078,1.0467741935483872,0.005
RC.BH22.031,0.0203125,0.9410256410256411,0.005
RC.BH22.032,0.03220338983050847,0.5115942028985507,0.005
RC.BH22.033,0.016129032258064516,0.5016393442622951,0.02
RC.BH22.034,0.016591928251121074,0.36874999999999997,0.2
,0.035849056603773584,0.07041420118343196,0.01
RC.BH22.035,0.015521628498727735,1.15,0.11
RC.BH22.036,0.0194980694980695,0.8227272727272726,0.05
RC.BH22.037,0.022727272727272728,0.6134969325153374,0.005
RC.BH22.038,0.10000000000000002,0.8100840336134454,0.005
RC.BH22.039,0.038461538461538464,0.4093525179856115,0.005
RC.BH22.040,0.09285714285714286,0.05307262569832402,0.005
RC.BH22.041,0.033962264150943396,0.06878612716763007,0.005
,0.08333333333333334,0.45999999999999996,0.005
RC.BH22.042,0.015317286652078772,0.2602094240837696,0.01
RC.BH22.043,0.01020408163265306,0.22789115646258504,0.01
RC.BH22.044,0.03333333333333333,0.17975077881619939,0.01
RC.BH22.045,0.04745762711864407,0.08316326530612245,0.005
RC.BH22.046,0.1,0.060122699386503074,0.005
RC.BH22.047,0.11052631578947368,0.07517241379310345,0.005
RC.BH22.048,0.10909090909090907,0.041916167664670656,0.005
RC.BH22.049,0.06206896551724138,0.10277777777777777,0.005
RC.BH22.050,0.025414364640883976,0.4879581151832461,0.005
RC.BH22.051,0.013220338983050847,0.3022222222222222,0.01
RC.BH22.052,0.01218045112781955,0.22482269503546098,0.01
RC.BH22.053,0.010493827160493827,0.2779591836734694,0.01
RC.BH22.054,0.018328840970350403,0.33141025641025645,0.01
RC.BH22.055,0.02547169811320755,0.6661157024793388,0.01
RC.BH22.056,0.05333333333333334,0.18823529411764706,0.005
RC.BH22.057,0.05384615384615385,0.06320754716981132,0.005
,0.0114519427402863,0.28893617021276596,0.01
RC.BH22.058,0.06,0.03888888888888889,0.005
RC.BH22.059,0.044444444444444446,0.22028985507246376,0.01
RC.BH23.011,0.02777777777777778,0.47285714285714286,0.005
RC.BH23.012,0.0625,0.4444444444444444,0.005
RC.BH23.013,0.025,1.0357142857142858,0.005
RC.BH23.014,0.02777777777777778,3.3207547169811322,0.01
RC.BH23.015,0.07142857142857144,0.5075000000000001,0.005
RC.BH23.016,0.08333333333333334,0.21323529411764705,0.005
RC.BH23.017,0.06,0.3236842105263158,0.005
RC.BH23.018,0.054545454545454536,1.0850746268656717,0.005
RC.BH23.019,0.05833333333333334,0.8671232876712328,0.005
RC.BH23.020,0.09999999999999999,0.6848484848484849,0.005
RC.BH23.021,0.08571428571428572,0.9337500000000001,0.005
RC.BH23.022,0.06,0.4746987951807229,0.005
RC.BH23.023,0.054545454545454536,0.4630769230769231,0.005
RC.BH23.024,0.10000000000000002,0.35441176470588237,0.005
RC.BH23.025,0.09,0.5730769230769232,0.005
RC.BH23.026,0.06666666666666667,0.30416666666666664,0.005
RC.BH23.027,0.1285714285714286,0.2742424242424243,0.005
RC.BH23.028,0.0625,0.3453333333333333,0.005
RC.BH23.029,0.018018018018018018,0.10410958904109588,0.005
RC.BH23.030,0.1142857142857143,0.20144927536231885,0.005
RC.BH23.031,0.05555555555555556,0.38181818181818183,0.005
RC.BH23.032,0.06874999999999999,0.2191780821917808,0.005
,0.0106425702811245,0.2366013071895425,0.01
RC.BH23.033,0.04285714285714286,0.5848101265822785,0.02
RC.BH23.034,0.03333333333333333,0.5648648648648649,0.005
RC.BH23.035,0.03636363636363636,0.17951807228915664,0.005
RC.BH23.036,0.023255813953488375,1.55,0.005
RC.BH23.037,0.045714285714285714,0.5333333333333333,0.005
RC.BH23.038,0.1272727272727273,0.19545454545454546,0.005
RC.BH23.039,0.052631578947368425,0.7015151515151514,0.005
RC.BH23.040,0.125,0.36890756302521005,0.005
RC.BH23.041,0.02857142857142857,0.6754716981132075,0.005
RC.BH23.042,0.015384615384615387,0.3865284974093264,0.01
RC.BH23.043,0.03859649122807018,0.5901162790697675,0.01
RC.BH23.044,0.005714285714285714,3.182926829268293,1.1
RC.BH23.045,0.016541353383458645,0.3046931407942238,0.02
RC.BH23.046,0.011378205128205128,0.643609022556391,0.02
RC.BH23.047,0.00889679715302491,0.1581081081081081,0.13
RC.BH23.048,0.02660550458715596,0.11629629629629629,0.01
RC.BH23.049,0.009316770186335402,0.0475,0.005
RC.BH23.050,0.014789915966386555,0.25732217573221755,0.01
RC.BH23.051,0.01063394683026585,0.2289308176100629,0.01
,0.0625,0.6666666666666666,0.005
RC.BH23.052,0.04,0.1058968058968059,0.005
RC.BH23.053,0.023076923076923075,0.033128834355828224,0.005
RC.BH24.007,0.08333333333333334,0.028749999999999998,0.005
RC.BH24.008,0.125,0.04375,0.005
,0.010429447852760737,0.07142857142857142,0.46
RC.BH24.009,0.075,0.0375,0.01
RC.BH24.010,0.0625,0.1010752688172043,0.005
RC.BH24.011,0.03571428571428572,0.0388235294117647,0.005
RC.BH24.012,0.08333333333333334,0.017475728155339806,0.005
RC.BH24.013,0.12,0.03655913978494624,0.005
RC.BH24.014,0.08333333333333334,0.046534653465346534,0.005
RC.BH24.015,0.125,0.03776223776223776,0.005
RC.BH24.016,0.2,0.059663865546218484,0.005
RC.BH24.017,0.125,0.09649122807017543,0.005
RC.BH24.018,0.1142857142857143,0.09673913043478262,0.005
RC.BH24.019,0.13333333333333333,0.15263157894736842,0.005
RC.BH24.020,0.08888888888888889,0.21505376344086022,0.005
RC.BH24.021,0.1142857142857143,0.15730337078651685,0.005
RC.BH24.022,0.11249999999999999,0.04054054054054054,0.01
RC.BH24.023,0.010679611650485437,0.11830985915492959,0.05
RC.BH24.024,0.01328125,0.04426229508196722,0.06
RC.BH24.025,0.014838709677419355,0.07303921568627451,0.25
,0.25,0.325,0.005
RC.BH24.026,0.28,0.07017543859649122,0.005
RC.BH24.027,0.26,0.1416,0.005
RC.BH24.028,0.15,0.030303030303030304,0.005
RC.BH24.029,0.19999999999999998,0.008333333333333333,0.005
RC.BH24.030,0.22,0.04108527131782946,0.01
RC.BH24.031,0.12,0.04285714285714286,0.005
,0.16,0.07130434782608695,0.005
RC.BH24.032,0.17500000000000002,0.1045045045045045,0.01
RC.BH24.033,0.14,0.03893129770992366,0.005
RC.BH24.034,0.22499999999999998,0.05508474576271186,0.005
RC.BH24.035,0.16,0.06271186440677966,0.005
RC.BH24.036,0.11666666666666668,0.11567164179104478,0.005
RC.BH24.037,0.1285714285714286,0.06428571428571428,0.005
RC.BH24.038,0.16666666666666669,0.045714285714285714,0.005
RC.BH24.039,0.17500000000000002,0.059322033898305086,0.005
RC.BH24.040,0.24285714285714288,0.03770491803278688,0.005
RC.BH24.041,0.17500000000000002,0.04065040650406504,0.005
RC.BH24.042,0.13333333333333333,0.05405405405405406,0.005
RC.BH24.043,0.2,0.03725490196078431,0.005
RC.BH24.044,0.10000000000000002,0.07254901960784314,0.005
RC.BH25.014,0.1142857142857143,0.0696,0.005
RC.BH25.015,0.12941176470588237,0.276510067114094,3.75
RC.BH25.016,0.09555555555555556,2.480769230769231,2.3
,1.0,0.6799999999999999,0.005
RC.BH25.017,0.07647058823529412,1.6385542168674698,2.2
RC.BH25.018,0.10666666666666667,0.08148148148148147,0.02
RC.BH25.019,0.09999999999999999,0.046296296296296294,0.005
RC.BH25.020,0.125,0.03442622950819672,0.005
RC.BH25.021,0.15,0.1028169014084507,0.005
RC.BH25.022,0.13333333333333333,0.038235294117647055,0.005
RC.BH25.023,0.10000000000000002,0.019327731092436972,0.01
,0.13333333333333333,2.3333333333333335,2.47
RC.BH25.024,0.2,0.09829059829059829,0.01
RC.BH25.025,0.125,0.08598130841121494,0.01
RC.BH25.026,0.14,0.14166666666666666,0.01
RC.BH25.027,0.22,0.09009009009009009,0.01
RC.BH25.028,0.14285714285714288,0.05229357798165138,0.01
RC.BH25.029,0.2,0.11833333333333333,0.005
RC.BH25.030,0.33333333333333337,0.14285714285714285,0.005
RC.BH25.031,0.18,0.056910569105691054,0.005
RC.BH25.032,0.3,0.03235294117647059,0.005
RC.BH25.033,0.3666666666666667,0.05268817204301075,0.005
RC.BH25.034,0.19999999999999998,0.044954128440366975,0.005
RC.BH25.035,0.23333333333333336,0.07264957264957266,0.005
RC.BH25.036,0.14285714285714288,0.06018518518518518,0.005
RC.BH26.028,0.056097560975609764,0.12058823529411763,0.02
RC.BH26.029,0.027586206896551727,1.3142857142857143,0.01
RC.BH26.030,0.035820895522388055,1.1958333333333333,0.02
RC.BH26.031,0.0358974358974359,0.6272727272727273,0.05
RC.BH26.032,0.042622950819672135,0.3254901960784314,0.01
RC.BH26.033,0.0248,0.07738095238095238,0.02
RC.BH26.034,0.042028985507246375,0.07,0.02
RC.BH26.035,0.062184873949579826,0.38312757201646086,0.34
RC.BH26.036,0.06269230769230769,0.3452855245683931,9.44
RC.BH26.037,0.019402985074626865,0.5158620689655172,0.61
RC.BH26.038,0.05113636363636363,2.5950413223140494,0.29
,0.020714285714285713,0.508974358974359,0.85
RC.BH26.039,0.020164609053497942,2.304,1.08
,0.25,0.7999999999999999,0.005
RC.BH26.040,0.07391304347826089,0.7090909090909091,0.4
RC.BH26.041,0.0787878787878788,0.982608695652174,0.13
RC.BH26.042,0.11,0.1,0.005
RC.BH27.004,0.08666666666666667,0.7116666666666667,0.01
RC.BH27.005,0.032394366197183104,0.5,0.005
RC.BH27.006,0.019444444444444445,0.3971014492753623,0.005
RC.BH27.007,0.02777777777777778,0.6544117647058824,0.005
RC.BH27.008,0.04960629921259843,0.44931506849315067,0.005
RC.BH27.009,0.040540540540540536,0.4421052631578948,0.005
RC.BH27.010,0.029069767441860465,0.4642857142857143,0.005
RC.BH27.011,0.026760563380281693,0.9400000000000001,0.005
RC.BH27.012,0.03142857142857143,0.3752808988764045,0.005
RC.BH27.013,0.027522935779816512,0.6054545454545455,0.02
RC.BH27.014,0.03618421052631579,32.16867469879518,13.4
RC.BH27.015,0.019801980198019802,8.3,0.31
RC.BH27.016,0.01643835616438356,1.870212765957447,0.02
RC.BH27.017,0.036956521739130443,0.22999999999999998,0.005
RC.BH27.018,0.04461538461538461,1.058904109589041,0.01
RC.BH27.019,0.039655172413793106,1.6600000000000001,0.005
RC.BH27.020,0.02368421052631579,0.4188235294117647,0.005
RC.BH27.021,0.019354838709677417,0.8651162790697675,0.01
RC.BH27.022,0.06190476190476191,0.9959349593495935,0.005
,0.038356164383561646,32.65432098765432,12.85
RC.BH27.023,0.021678321678321677,1.1580246913580245,0.11
RC.BH27.024,0.046969696969696974,0.2853658536585366,0.01
RC.BH27.025,0.13076923076923078,0.1423841059602649,0.01
RC.BH27.026,0.06307692307692307,0.25517241379310346,0.02
RC.BH27.027,0.016923076923076926,0.15960264900662252,0.01
RC.BH27.028,0.09655172413793105,0.08482758620689655,0.01
RC.BH27.029,0.04642857142857143,0.1663716814159292,0.01
RC.BH27.030,0.028205128205128206,0.2670967741935484,0.01
RC.BH27.031,0.048,0.14240506329113925,0.005
RC.BH27.032,0.052083333333333336,0.1595744680851064,0.005
RC.BH27.033,0.03101604278074866,0.6411042944785276,0.01
RC.BH27.034,0.031313131313131314,2.0511363636363638,0.01
RC.BH27.035,0.05555555555555556,0.22608695652173913,0.005
RC.BH27.036,0.05789473684210526,0.23818181818181816,0.005
RC.BH27.037,0.1111111111111111,0.7811965811965812,0.005
RC.BH27.038,0.03513513513513514,0.5797297297297297,0.005
RC.BH27.039,0.036956521739130443,0.7652542372881356,0.005
RC.BH27.040,0.11071428571428572,0.17348484848484846,0.005
RC.BH28.004,0.05714285714285715,0.4833333333333333,0.01
RC.BH28.005,0.012698412698412698,0.5,0.08
RC.BH28.006,0.04324324324324324,1.8243243243243243,0.01
RC.BH28.007,0.2,0.9761904761904762,0.01
RC.BH28.008,0.0419047619047619,1.003125,0.02
RC.BH28.009,0.02127659574468085,0.42195121951219516,0.01
,0.009433962264150943,0.4188888888888889,0.005
RC.BH28.010,0.011258278145695366,0.421978021978022,0.005
,0.125,0.45,0.005
RC.BH28.011,0.01522633744855967,0.5658227848101266,0.07
RC.BH28.012,0.019230769230769232,0.24352331606217617,0.05
RC.BH28.013,0.027058823529411767,0.5038461538461538,0.005
RC.BH28.014,0.014084507042253523,0.3775862068965517,0.01
RC.BH28.015,0.004838709677419355,0.4166666666666667,0.08
RC.BH28.016,0.0074487895716946,0.8157894736842105,0.24
RC.BH28.017,0.004629629629629629,3.607142857142857,0.08
RC.BH28.018,0.005517241379310345,3.806451612903226,0.02
RC.BH28.019,0.02121212121212121,8.901734104046243,0.8
RC.BH28.020,0.02631578947368421,3.6952380952380954,0.18
RC.BH28.021,0.01896551724137931,0.5631868131868132,0.07
RC.BH28.022,0.011329305135951661,1.0342465753424657,0.53
RC.BH28.023,0.019858989424206816,0.13381410256410256,0.62
RC.BH28.024,0.013537906137184115,0.17324561403508773,0.49
RC.BH28.025,0.0054248366013071895,0.32704918032786884,0.01
RC.BH28.026,0.016402116402116404,0.07944664031620553,0.005
RC.BH28.027,0.05,0.2543859649122807,0.01
RC.BH28.028,0.025000000000000005,0.06296296296296296,0.005
RC.BH28.029,0.05,0.11204819277108434,0.005
RC.BH28.041,0.09999999999999999,0.05537190082644628,0.005
RC.BH28.042,0.047058823529411764,0.18101265822784812,0.01
RC.BH28.043,0.02830188679245283,0.1774193548387097,0.005
,0.004159132007233273,3.412280701754386,0.08
RC.BH28.044,0.01629955947136564,0.20466666666666666,0.005
RC.BH28.045,0.021717171717171715,0.34352941176470586,0.01
RC.BH28.046,0.03673469387755102,0.19846153846153847,0.005
RC.BH28.047,0.045454545454545456,0.06382978723404255,0.005
RC.BH28.048,0.03636363636363636,0.4330357142857143,0.005
RC.BH28.049,0.038461538461538464,0.24516129032258066,0.005
RC.BH28.050,0.05555555555555556,0.08247422680412371,0.005
RC.BH28.051,0.04166666666666667,0.0881578947368421,0.005
RC.BH28.052,0.02777777777777778,0.05303030303030303,0.005
RC.BH28.053,0.04166666666666667,0.028985507246376812,0.005
RC.BH29.009,0.020833333333333336,0.35600000000000004,0.005
RC.BH29.010,0.01785714285714286,0.44693877551020406,0.005
RC.BH29.011,0.015151515151515154,0.5352941176470588,0.01
RC.BH29.012,0.004666666666666667,0.5775,0.05
RC.BH29.013,0.008947368421052633,0.6435897435897436,0.02
RC.BH29.014,0.004923076923076923,1.1096774193548387,0.02
RC.BH29.015,0.01919191919191919,0.7068181818181819,0.01
RC.BH29.016,0.00784313725490196,0.535593220338983,0.02
,0.125,0.45999999999999996,0.005
RC.BH29.017,0.016666666666666666,0.5758928571428571,0.01
RC.BH29.018,0.025,0.398989898989899,0.01
RC.BH29.019,0.08333333333333334,0.4010638297872341,0.005
RC.BH29.020,0.020833333333333336,0.1549618320610687,0.005
RC.BH29.021,0.007971014492753623,0.5614035087719298,0.005
,0.029411764705882356,0.5355555555555556,0.01
RC.BH29.022,0.02777777777777778,0.4775510204081632,0.005
RC.BH29.023,0.05,0.4826923076923077,0.005
RC.BH29.024,0.038461538461538464,0.925301204819277,0.005
RC.BH29.025,0.02045454545454545,0.5447368421052632,0.005
RC.BH29.026,0.018571428571428572,0.4864406779661017,0.005
RC.BH29.027,0.01602209944751381,1.5681818181818181,0.01
RC.BH29.028,0.02222222222222222,0.5192307692307693,0.18
RC.BH29.029,0.024423963133640553,0.3625,0.01
RC.BH29.030,0.024698795180722887,0.33,0.01
RC.BH29.031,0.04687499999999999,1.2581818181818183,0.005
RC.BH29.032,0.07142857142857144,1.056923076923077,0.005
RC.BH29.033,0.07142857142857144,1.0094594594594595,0.005
RC.BH29.034,0.05714285714285714,0.890625,0.005
RC.BH29.035,0.03571428571428572,1.1235955056179776,0.005
RC.BH29.036,0.03658536585365854,1.5326086956521738,0.005
RC.BH29.037,0.04074074074074074,3.048275862068966,0.005
RC.BH29.038,0.03333333333333333,2.2625,0.005
RC.BH29.039,0.052941176470588235,1.0786516853932584,0.005
RC.BH29.040,0.028846153846153844,0.4910891089108911,0.005
RC.BH29.041,0.03461538461538461,0.0925,0.005
RC.BH29.042,0.006578947368421053,0.03473053892215569,0.005
RC.BH29.043,0.010852713178294575,0.22289156626506024,0.01
RC.BH29.044,0.008350730688935283,0.7439024390243902,0.005
RC.BH29.045,0.005230125523012553,0.5636363636363636,0.005
,0.017721518987341773,0.6545454545454545,0.005
RC.BH29.046,0.006158357771260997,0.525,0.005
RC.BH29.047,0.013402061855670104,0.3,0.005
RC.BH29.048,0.017721518987341773,0.6545454545454545,0.005
RC.BH29.049,0.05555555555555556,4.766666666666667,0.005
RC.BH29.050,0.022448979591836733,0.22142857142857145,0.005
RC.BH30.002,0.12,0.06904761904761905,0.005
RC.BH30.003,0.09333333333333334,0.16724137931034483,0.01
RC.BH30.004,0.06666666666666667,0.10217391304347827,0.02
RC.BH30.005,0.054545454545454536,0.06623376623376623,0.01
RC.BH30.006,0.05000000000000001,0.07173913043478261,0.005
RC.BH30.007,0.05,0.10641025641025642,0.005
RC.BH30.008,0.07777777777777778,0.08653846153846154,0.005
RC.BH30.009,0.061538461538461535,0.09245283018867925,0.005
RC.BH30.010,0.06666666666666667,0.05794392523364486,0.005
RC.BH30.011,0.07272727272727272,0.04067796610169491,0.005
RC.BH30.012,0.08888888888888889,0.053260869565217396,0.005
RC.BH30.013,0.049999999999999996,0.05327102803738318,0.005
RC.BH30.014,0.07777777777777778,0.034482758620689655,0.005
RC.BH30.015,0.12,0.03,0.005
RC.BH30.016,0.05,0.05675675675675676,0.005
RC.BH30.017,0.0411764705882353,0.04216867469879518,0.01
RC.BH30.018,0.017204301075268817,0.039047619047619046,0.02
,0.125,0.55,0.005
RC.BH30.019,0.06666666666666667,0.047126436781609195,0.01
,0.01530612244897959,0.037864077669902914,0.03
RC.BH30.020,0.08750000000000001,0.0702127659574468,0.005
RC.BH30.021,0.21666666666666667,0.04777777777777777,0.005
RC.BH30.022,0.18,0.020634920634920634,0.005
RC.BH30.023,0.1076923076923077,0.04,0.005
RC.BH30.024,0.12307692307692307,0.054385964912280704,0.005
RC.BH30.025,0.09999999999999999,0.05130434782608696,0.01
RC.BH30.026,0.02558139534883721,0.184070796460177,0.005
RC.BH30.027,0.03,0.055970149253731345,0.01
RC.BH30.028,0.04736842105263158,0.06318407960199005,0.005
RC.BH30.029,0.05416666666666667,0.05818181818181818,0.01
RC.BH30.030,0.060869565217391314,0.05510204081632653,0.005
RC.BH30.031,0.05,0.15833333333333333,0.005
RC.BH30.032,0.075,0.2441860465116279,0.005
RC.BH30.033,0.06666666666666667,0.09065420560747663,0.005
RC.BH30.034,0.125,0.07340425531914894,0.005
RC.BH30.035,0.05000000000000001,0.04554455445544554,0.005
RC.BH30.036,0.0375,0.07282608695652174,0.005
RC.BH30.037,0.05600000000000001,0.065,0.005
RC.BH30.038,0.047619047619047616,0.06493506493506493,0.005
RC.BH31.025,0.11666666666666668,0.049523809523809526,0.005
RC.BH31.026,0.07142857142857144,0.02413793103448276,0.005
RC.BH31.027,0.08333333333333334,0.05714285714285715,0.005
RC.BH31.028,0.1,0.04504504504504504,0.005
RC.BH31.029,0.125,0.03333333333333333,0.005
,0.001610738255033557,3.2181818181818183,0.21
RC.BH31.030,0.08888888888888889,0.02295081967213115,0.005
RC.BH31.031,0.08750000000000001,0.034959349593495934,0.005
RC.BH31.032,0.12,0.0358974358974359,0.005
RC.BH31.033,0.12,0.020833333333333332,0.005
RC.BH31.034,0.08571428571428572,1.8041237113402062,0.005
RC.BH31.035,0.001471571906354515,3.2327586206896552,0.24
,0.05,0.5,0.005
RC.BH31.036,0.005204460966542751,3.03,0.01
RC.BH31.037,0.11111111111111112,0.5523364485981308,0.005
RC.BH31.038,0.11111111111111112,0.05689655172413793,0.01
RC.BH31.039,0.1,0.05972222222222222,0.005
RC.BH31.040,0.07777777777777778,0.095,0.005
RC.BH31.041,0.08888888888888889,0.05058823529411764,0.005
RC.BH31.042,0.11111111111111112,0.06302521008403361,0.005
RC.BH31.043,0.07,0.06041666666666667,0.005
RC.BH31.044,0.12,0.08260869565217391,0.005
RC.BH31.045,0.043333333333333335,0.06371681415929203,0.005
RC.BH31.046,0.03214285714285715,0.03474576271186441,0.005
RC.BH31.047,0.04666666666666667,0.0423076923076923,0.005
RC.BH31.048,0.054545454545454536,0.04065934065934066,0.005
RC.BH31.049,0.0375,0.04683544303797468,0.005
RC.BH31.050,0.04680851063829787,0.03333333333333333,0.01
RC.BH31.051,0.064,0.06338028169014084,0.005
RC.BH31.052,0.08888888888888889,0.039285714285714285,0.005
,0.06,0.04021739130434783,0.005
RC.BH31.053,0.1,0.01775700934579439,0.005
RC.BH31.054,0.1,0.041176470588235294,0.005
RC.BH31.055,0.14,0.05777777777777778,0.005
RC.BH31.056,0.021818181818181816,0.013471502590673574,0.05
RC.BH31.057,0.14,0.017924528301886792,0.005
RC.BH31.058,0.11666666666666668,0.03737373737373738,0.005
RC.BH31.059,0.23333333333333336,0.04454545454545455,0.005
RC.BH32.017,0.08750000000000001,0.02635658914728682,0.005
RC.BH32.018,0.08750000000000001,0.04018691588785046,0.005
RC.BH32.019,0.14,0.03431372549019608,0.005
RC.BH32.020,0.07142857142857144,0.047,0.005
RC.BH32.021,0.06,0.07,0.005
RC.BH32.022,0.044444444444444446,0.031683168316831684,0.005
RC.BH32.023,0.06363636363636364,0.05154639175257732,0.02
RC.BH32.024,0.2,0.035,0.005
RC.BH32.025,0.05,0.042,0.005
RC.BH32.026,0.13333333333333333,0.04190476190476191,0.01
RC.BH32.027,0.08750000000000001,0.05283018867924528,0.005
RC.BH32.028,0.004100946372239748,0.32857142857142857,0.01
RC.BH32.029,0.007446808510638298,0.15270270270270273,0.01
,0.125,1.075,0.005
RC.BH32.030,0.0625,0.2553191489361702,0.01
RC.BH32.031,0.075,0.17419354838709677,0.02
RC.BH32.032,0.11818181818181818,0.09016393442622951,0.02
,0.010126582278481013,0.1591549295774648,0.005
RC.BH32.033,0.17142857142857143,0.08571428571428572,0.005
RC.BH32.034,0.13333333333333333,0.06829268292682926,0.005
RC.BH32.035,0.10909090909090907,0.05603448275862069,0.005
RC.BH32.036,0.13749999999999998,0.08452380952380951,0.005
RC.BH32.037,0.075,0.05188679245283019,0.005
RC.BH32.038,0.0391304347826087,0.055673758865248224,0.005
RC.BH32.039,0.11666666666666668,0.07916666666666666,0.005
RC.BH32.040,0.08750000000000001,0.057999999999999996,0.005
RC.BH33.003,0.047619047619047616,2.725,0.8
RC.BH33.004,0.04523809523809524,2.3308823529411766,0.44
RC.BH33.005,0.011464968152866243,1.1402597402597403,0.22
RC.BH33.006,0.018337408312958436,1.269736842105263,0.93
RC.BH33.007,0.0456140350877193,0.7773722627737226,0.1
RC.BH33.008,0.056249999999999994,0.3670731707317073,0.05
RC.BH33.009,0.12777777777777777,0.6414285714285715,0.07
RC.BH33.010,0.06190476190476191,0.46518518518518515,0.03
RC.BH33.011,0.05,0.4673611111111111,0.06
RC.BH33.012,0.05185185185185185,0.5421383647798742,0.04
RC.BH33.013,0.06111111111111111,0.4419047619047619,0.03
RC.BH33.014,0.16666666666666666,0.3,0.01
RC.BH33.015,0.12307692307692307,0.6304761904761905,0.02
RC.BH33.016,0.13,0.3076923076923077,0.01
RC.BH33.017,0.08888888888888888,0.0891304347826087,0.005
,0.018181818181818184,1.1012820512820514,0.95
RC.BH33.018,0.075,0.1625,0.01
RC.BH33.019,0.07619047619047618,0.06739130434782609,0.01
RC.BH33.020,0.1625,0.07575757575757576,0.01
RC.BH33.021,0.05588235294117647,0.059756097560975614,0.01
RC.BH33.022,0.07575757575757576,0.12638888888888888,0.01
RC.BH33.023,0.05862068965517242,0.05866666666666667,0.01
RC.BH33.024,0.04736842105263158,0.03543307086614173,0.01
RC.BH33.025,0.1,0.0391304347826087,0.01
RC.BH33.026,0.08333333333333334,0.11900826446280992,0.005
RC.BH33.027,0.10000000000000002,0.026829268292682926,0.005
RC.BH33.028,0.06363636363636364,0.018691588785046728,0.01
RC.BH33.029,0.11666666666666668,0.01386138613861386,0.01
RC.BH33.030,0.14,0.04489795918367347,0.005
RC.BH33.031,0.09999999999999999,0.18333333333333335,0.005
RC.BH33.032,0.11666666666666668,0.038,0.005
RC.BH33.033,0.07,0.016,0.005
RC.BH33.034,0.10000000000000002,0.013333333333333334,0.005
RC.BH33.035,0.061538461538461535,0.011965811965811965,0.005
RC.BH33.036,0.07142857142857144,0.22857142857142856,0.005
RC.BH34.001,0.010320284697508895,0.5709090909090909,1.31
,0.16666666666666669,0.6333333333333333,0.005
RC.BH34.002,0.016853932584269662,0.1202020202020202,0.15
RC.BH34.003,0.08571428571428572,0.27107438016528923,0.01
RC.BH34.004,0.03090909090909091,0.15806451612903227,0.01
,0.011188811188811189,0.5727272727272728,3.63
RC.BH34.005,0.01569506726457399,0.5277777777777778,0.05
RC.BH34.006,0.034210526315789476,0.2275862068965517,0.02
RC.BH34.007,0.08333333333333333,0.16056338028169015,0.02
RC.BH34.008,0.11,0.1372340425531915,0.005
RC.BH34.009,0.11111111111111112,0.045000000000000005,0.005
RC.BH34.010,0.1,0.09417475728155339,0.01
RC.BH34.011,0.13749999999999998,0.06017699115044248,0.005
RC.BH34.012,0.11,0.1135135135135135,0.005
RC.BH34.013,0.09090909090909091,0.07117117117117118,0.01
RC.BH34.014,0.1076923076923077,0.21505376344086022,0.02
RC.BH34.015,0.049999999999999996,0.45111111111111113,0.08
RC.BH34.016,0.03529411764705882,0.4086206896551724,0.01
RC.BH34.017,0.09090909090909091,0.09902912621359222,0.005
RC.BH34.018,0.08125,0.10285714285714286,0.01
RC.BH34.019,0.026277372262773723,1.1673076923076924,0.33
RC.BH34.020,0.028125,2.9058823529411764,0.85
RC.BH34.021,0.018633540372670804,1.8225806451612903,0.26
RC.BH34.022,0.14,0.5390243902439025,0.12
RC.BH34.023,0.0857142857142857,0.3942028985507246,0.04
RC.BH34.024,0.059259259259259255,0.7840579710144928,0.04
RC.BH34.025,0.15555555555555556,0.14520547945205478,0.005
RC.BH34.026,0.2,0.046052631578947366,0.04
RC.BH34.027,0.07307692307692308,0.04516129032258065,0.04
RC.BH34.028,0.12142857142857144,0.04343434343434343,0.04
,0.038461538461538464,0.17868852459016393,0.01
RC.BH34.029,0.125,0.08224299065420561,0.005
RC.BH34.030,0.10909090909090907,0.043209876543209874,0.01
RC.BH35.007,0.04411764705882353,0.1876190476190476,
RC.BH35.008,0.1,0.15,
RC.BH35.009,0.18,0.013970588235294117,0.005
RC.BH35.010,0.1636363636363636,0.3542056074766355,0.005
RC.BH35.011,0.13749999999999998,0.01949152542372881,0.005
RC.BH35.012,0.0818181818181818,0.29134615384615387,0.01
RC.BH35.013,0.011999999999999999,1.2085365853658536,
,0.35000000000000003,2.6999999999999997,0.02
RC.BH35.014,0.007242798353909465,1.6961538461538461,20.6
RC.BH35.015,0.07333333333333333,0.08414634146341464,
RC.BH35.016,0.021739130434782608,1.3107142857142857,0.02
RC.BH35.017,0.15,0.23516483516483516,0.005
RC.BH35.018,0.1,0.16161616161616163,0.005
RC.BH35.019,0.025000000000000005,0.48947368421052634,0.03
RC.BH35.020,0.09999999999999999,0.15526315789473685,0.005
RC.BH35.021,0.125,0.15714285714285714,0.005
RC.BH35.022,0.0625,0.6384615384615384,0.01
RC.BH35.023,0.08333333333333334,0.07012987012987014,0.005
RC.BH35.024,0.10454545454545454,0.3055555555555556,0.005
RC.BH35.025,0.0923076923076923,0.25643564356435644,0.005
RC.BH35.026,0.09999999999999999,0.11023622047244094,0.005
RC.BH35.027,0.2,0.10609756097560975,1.75
,0.015482233502538072,1.4133333333333333,1.54
RC.BH35.028,0.14285714285714288,0.1144,0.005
RC.BH35.029,0.13,0.21232876712328766,0.005
RC.BH35.030,0.14285714285714288,0.02826086956521739,0.005
RC.BH35.031,0.1,0.13050847457627118,0.005
RC.BH35.032,0.1142857142857143,0.04818181818181818,0.005
RC.BH35.033,0.02162162162162162,0.32065217391304346,0.01
RC.BH35.034,0.012962962962962963,0.5492753623188406,0.8
RC.BH35.035,0.05714285714285714,0.13388429752066114,0.02
RC.BH35.036,0.041025641025641026,0.11452513966480447,0.19
RC.BH35.037,0.08333333333333334,0.09504132231404959,0.005
RC.BH35.038,0.08888888888888889,0.10672268907563025,0.005
RC.BH35.039,0.08888888888888889,0.0625,0.005
RC.BH35.040,0.12,0.32556390977443606,0.005
RC.BH35.041,0.023762376237623763,0.39480519480519477,0.19
RC.BH35.042,0.04259259259259259,0.7308510638297873,0.03
RC.BH35.043,0.06111111111111111,0.43409090909090914,0.07
RC.BH35.044,0.04893617021276596,0.48742138364779874,0.07
RC.BH35.045,0.011818181818181818,0.3323275862068965,0.74
RC.BH35.046,0.0072874493927125505,0.4458563535911602,0.43
RC.BH35.047,0.02553191489361702,0.41449275362318844,0.09
RC.BH35.048,0.10833333333333334,0.1701492537313433,0.02
Q001,1.0,2.0,0.001
Q002,1.0,1.8888888888888888,0.01
Q003,1.0,2.0,0.001
Q004,0.5,14.0,0.001
Q005,1.0,5.0,0.001
Q006,0.25,12.266666666666667,0.001
Q007,1.0,0.6,0.001
Q008,0.25,1.3333333333333333,0.001
Q009,1.0,1.1428571428571428,0.001
Q010,0.3333333333333333,2.0,0.001
Q011,1.0,1.0,0.001
Q012,0.25,8.0,0.001
Q013,1.0,0.29411764705882354,0.001
Q014,0.1,0.08571428571428572,0.001
Q015,0.3333333333333333,0.3125,0.001
Q016,0.5,3.6666666666666665,0.001
Q017,1.0,2.0,0.001
Q018,0.5,0.9090909090909091,0.001
Q019,1.0,2.0,0.001
Q020,1.0,1.25,0.001
Q021,1.0,0.75,0.001
Q022,0.25,4.0,0.001
Q023,1.0,0.375,0.001
Q024,0.5,3.0,0.001
Q025,0.2,1.1025641025641026,0.001
Q026,0.2,11.666666666666666,0.001
Q027,1.0,6.25,0.001
Q028,1.0,17.0,0.001
Q029,1.0,3.0,0.02
Q030,0.007194244604316547,0.25,0.001
Q031,1.0,12.0,0.01
Q032,0.08333333333333333,11.8,0.01
Q033,1.0,38.5,0.001
Q034,0.25,17.5,0.01
Q035,1.0,0.20930232558139536,0.001
Q036,0.5,1.0,0.001
Q037,1.0,3.0,0.001
Q038,1.0,1.0,0.001
Q039,0.2,2.0,0.001
Q040,0.25,4.5,0.001
Q041,0.5,12.0,0.001
Q042,1.0,2.0,0.001
Q043,1.0,16.0,0.001
Q044,0.2,0.7058823529411765,0.001
Q045,0.16666666666666666,0.27835051546391754,0.001
Q046,1.0,0.6666666666666666,0.001
Q047,1.0,15.0,0.001
Q048,0.1111111111111111,0.625,0.001
Q049,0.5,3.6666666666666665,0.001
Q050,0.125,1.4285714285714286,0.001
Q051,1.0,2.0,0.001
Q052,0.1,0.75,0.001
Q053,0.003246753246753247,5.666666666666667,0.01
Q054,0.14285714285714285,50.0,0.001
Q055,1.0,2.0,0.001
Q056,0.07142857142857142,0.9411764705882353,0.001
Q057,1.0,2.5,0.001
Q058,0.00847457627118644,3.0,0.001
Q059,0.2,0.423728813559322,0.001
Q060,1.0,2.0,0.001
Q061,1.0,3.0,0.001
Q062,0.2,1.25,0.001
Q063,0.5,1.3333333333333333,0.001
Q064,1.0,1.5,0.001
Q065,0.011904761904761904,1.0,0.01
Q066,1.0,2.0,0.001
Q067,0.125,0.6363636363636364,0.001
Q068,0.0625,2.5,0.001
Q069,0.017241379310344827,1.3353658536585367,0.001
Q070,1.0,0.10638297872340426,0.001
Q071,0.5,5.75,0.001
Q072,0.16666666666666666,0.4230769230769231,0.04
Q073,1.0,8.5,0.001
Q074,1.0,0.25,0.001
Q075,1.0,2.2666666666666666,0.001
Q076,1.0,11.5,0.76
Q077,0.04,1.6666666666666667,0.001
Q078,0.16666666666666666,1.05,0.001
Q079,0.25,0.3,0.001
Q080,1.0,0.3,0.001
Q081,0.14285714285714285,5.823529411764706,0.001
Q082,0.1111111111111111,0.3711340206185567,0.001
Q083,0.25,0.1792452830188679,0.001
Q084,0.3333333333333333,0.42857142857142855,0.001
Q085,0.5,7.375,0.001
Q086,1.0,2.0,0.001
Q087,0.3333333333333333,2.7142857142857144,0.01
Q088,1.0,0.42857142857142855,0.001
Q089,0.5,1.0,0.001
Q090,1.0,4.0,0.001
Q091,0.5,0.4166666666666667,0.001
Q092,0.05,3.2,0.001
Q093,1.0,0.4,0.001
Q094,0.003125,2.324324324324324,0.05
Q095,0.5,1.5357142857142858,0.001
Q096,1.0,0.5,0.001
Q097,0.0625,5.75,0.001
Q098,0.14285714285714285,0.4642857142857143,0.03
Q099,0.016666666666666666,22.078651685393258,3.58
Q100,1.0,0.9090909090909091,0.01
Q101,0.034482758620689655,0.9402985074626866,0.73
Q102,2.0,3.0,0.001
Q103,0.1111111111111111,13.666666666666666,0.001
Q104,0.014925373134328358,2.6315789473684212,0.01
Q105,0.1111111111111111,1.3333333333333333,0.001
Q106,0.5,2.0,0.001
Q107,0.5,0.8,0.001
Q108,0.002777777777777778,4.3076923076923075,7.49
Q109,0.08333333333333333,1.1666666666666667,0.01
Q110,0.03571428571428571,5.386363636363637,0.12
Q111,0.006097560975609756,11.0,0.02
Q112,0.021739130434782608,0.1111111111111111,14.3
Q113,1.0,109.33333333333333,1.23
Q114,0.125,1.32,0.44
Q115,0.5,45.0,0.25
Q116,1.0,1.3333333333333333,0.001
Q117,0.3333333333333333,1.3333333333333333,0.001
Q118,1.0,2.5,0.001
Q119,0.25,6.333333333333333,0.001
Q120,0.14285714285714285,,3.71
Q121,0.5,19.0,0.01
Q122,1.0,5.0,0.001
Q123,0.04,3.824324324324324,0.82
Q124,1.0,5.5,0.01
Q125,0.5,2.6315789473684212,0.001
Q126,1.0,3.0,0.001
Q127,0.16666666666666666,4.217391304347826,0.05
Q128,0.125,1.25,0.001
Q129,0.75,0.4727272727272727,0.001
Q130,1.0,1.7142857142857142,0.001
Q131,0.2,4.725,0.99
Q132,1.0,0.875,0.001
Q133,1.0,5.0,0.001
Q134,0.03571428571428571,8.08695652173913,0.001
Q135,0.5,2.5,0.01
Q136,1.0,0.5714285714285714,0.001
Q137,0.14285714285714285,6.166666666666667,0.001
Q138,2.0,1.0,0.001
Q139,0.5,2.5,0.001
Q140,0.14285714285714285,94.84848484848484,4.82
Q141,1.0,9.0,0.01
Q142,0.05,62.55555555555556,0.07
Q143,1.0,5.0,0.001
Q144,0.08695652173913043,0.9,0.02
Q145,0.14285714285714285,0.3333333333333333,0.01
Q146,0.1,23.366336633663366,0.54
Q147,0.2,0.19047619047619047,0.01
Q148,0.09433962264150944,1.8506224066390042,3.58
Q149,0.5,3.0,0.01
Q150,0.061224489795918366,0.9579439252336449,3.71
Q151,0.07317073170731707,0.11363636363636363,0.01
Q152,0.12280701754385964,2.03125,1.73
Q153,0.16666666666666666,5.666666666666667,0.01
Q154,0.025423728813559324,3.659090909090909,3.36
Q155,0.012048192771084338,,0.78
Q156,0.0625,3.25,4.67
Q157,0.06451612903225806,9.245283018867925,0.92
Q158,0.05555555555555555,0.8818897637795275,0.01
Q159,0.05714285714285714,0.4473684210526316,0.001
Q160,0.09090909090909091,0.08247422680412371,0.001
Q161,0.03225806451612903,1.5,0.03
Q162,0.02564102564102564,0.46153846153846156,0.02
Q163,0.024390243902439025,0.5714285714285714,0.09
Q164,0.0125,5.1923076923076925,0.89
Q165,0.0375,,0.96
Q166,0.06666666666666667,6.707818930041152,2.29
Q167,0.05263157894736842,4.5,0.01
Q168,0.017241379310344827,4.27906976744186,0.01
Q169,0.0111731843575419,1.8461538461538463,0.01
Q170,0.011494252873563218,4.0,0.19
Q171,0.5,0.5426356589147286,0.001
Q172,1.0,7.0,0.02
Q173,0.25,0.5981735159817352,0.001
Q174,1.0,1.736842105263158,0.001
,,,
Q175,1.0,2.0,0.01
Q176,1.0,19.0,0.01
Q177,0.1111111111111111,1.9227467811158798,7.91
Q178,0.043478260869565216,1.2,100.0
Q179,1.0,0.41379310344827586,0.13
Q180,1.0,1.0,0.04
Q181,0.06976744186046512,7.4,0.67
Q182,0.2,11.129032258064516,0.26
Q183,0.1,222.16216216216216,4.95
Q184,0.14545454545454545,0.027407407407407408,0.02
Q185,0.1111111111111111,262.0,0.27
Q186,0.1111111111111111,4.666666666666667,0.01
Q187,0.2222222222222222,0.835820895522388,0.001
Q188,1.0,1.5714285714285714,0.001
Q189,0.5,3.0,0.001
Q190,1.0,4.833333333333333,0.001
Q191,0.05102040816326531,0.3770491803278688,0.001
Q192,0.14285714285714285,4.25,0.001
RCH/012,0.02681159420289855,0.9908163265306121,1.42
RCH/013,0.16666666666666669,0.4,0.04
RCH/014,0.004411764705882353,0.8132075471698114,1.18
RCH/015,0.0625,2.2,0.01
RCH/016,0.0029752066115702478,2.9125,0.73
RCH/017,0.00421195652173913,5.45,0.83
RCH/018,0.08666666666666667,0.19642857142857142,0.005
RCH/019,0.15,1.2333333333333334,0.005
RCH/020,0.08888888888888888,0.3423841059602649,0.005
RCH/021,0.10000000000000002,0.12666666666666665,0.005
RCH/022,0.038709677419354833,0.3875,0.005
RCH/023,0.09374999999999999,0.13333333333333333,0.01
RCH/024,0.021241830065359478,0.26097560975609757,10.25
RCH/025,0.137037037037037,25.85185185185185,0.01
RCH/026,0.34285714285714286,394.0,0.02
RCH/027,0.02903225806451613,3.45,0.03
RCH/028,0.07391304347826087,0.6857142857142857,0.01
RCH/029,0.06666666666666667,1.6712328767123288,0.005
RCH/030,0.08750000000000001,0.3222222222222222,0.005
RCH/031,0.09134615384615384,0.14769230769230768,0.005
RCH/032,0.0625,2.0,0.005
RCH/033,0.06438356164383562,0.32608695652173914,0.005
RCH/034,0.06956521739130435,0.7947368421052632,0.02
RCH/035,0.0375,0.5666666666666667,0.005
RCH/036,0.08571428571428572,1.95,0.005
RCH/037,0.025945945945945945,2.3771428571428572,0.05
RCH/119,0.04747474747474747,1.985,0.14
RCH/120,0.019047619047619046,0.038235294117647055,0.005
RCH/121,0.08333333333333334,0.17142857142857143,0.005
RCH/122,0.06265060240963854,0.829126213592233,0.69
RCH/123,0.0020143884892086334,5.3076923076923075,2.7
RCH/124,0.021875000000000002,0.22413793103448276,0.01
RCH/125,0.028205128205128206,0.5072463768115942,0.03
RCH/126,0.025,0.7964285714285715,0.02
RCH/127,0.001016949152542373,3.0411764705882356,0.47
RCH/128,0.03809523809523809,1.08,0.005
RCH/129,0.010416666666666668,1.2666666666666666,0.01
T2-TR1-001,0.0368421052631579,0.5426666666666667,0.01
T2-TR1-002,0.045,0.5217391304347826,0.01
T2-TR1-003,0.038461538461538464,0.8112903225806452,0.01
T2-TR1-004,0.0409090909090909,1.1131578947368421,0.01
T2-TR1-005,0.05555555555555556,0.3234567901234568,0.01
T2-TR1-006,0.033850931677018636,0.5822784810126582,0.01
T2-TR1-007,0.05737704918032787,0.7772151898734178,0.01
T2-TR1-008,0.05135135135135135,0.2886956521739131,0.01
T2-TR1-009,0.021818181818181816,0.27599999999999997,0.01
Duplicate of (T2-TR1-020),0.03951219512195122,1.418103448275862,0.1
T2-TR1-010,0.024999999999999998,0.27547169811320754,0.01
T2-TR1-011,0.0368421052631579,0.7134328358208955,0.01
T2-TR1-012,0.054285714285714284,0.9230769230769231,0.02
T2-TR1-013,0.043750000000000004,0.9590909090909091,0.01
T2-TR1-014,0.05333333333333334,0.9578947368421052,0.01
T2-TR1-015,0.061538461538461535,1.0345454545454544,0.01
T2-TR1-016,0.06,0.41192660550458715,0.01
T2-TR1-017,0.03529411764705882,0.6864077669902913,0.01
T2-TR1-018,0.021951219512195124,0.5739495798319327,0.04
T2-TR1-019,0.0390625,1.7674418604651163,0.17
T2-TR1-020,0.04088669950738916,1.4243697478991597,0.08
Blank,0.5,1.05,0.01
T2-TR1-021,0.03387096774193548,1.625,0.03
T2-TR1-022,0.02241379310344828,1.4722222222222223,0.03
T2-TR1-023,0.028000000000000004,1.0538461538461539,0.01
T2-TR1-024,0.049999999999999996,1.3907692307692308,0.01
T2-TR1-025,0.05333333333333334,1.0835294117647059,0.01
T2-TR1-026,0.061538461538461535,0.7679245283018868,0.01
T2-TR1-027,0.07,0.9931818181818183,0.01
T2-TR1-028,0.0368421052631579,0.3463414634146341,0.01
T2-TR1-029,0.03809523809523809,1.1243589743589744,0.01
T2-TR1-030,0.026482213438735178,1.2385714285714287,0.04
T2-TR1-031,0.029787234042553193,1.15,0.05
Blank,0.0625,1.05,0.01
Duplicate of (T2-TR1-031),0.02888888888888889,1.1566265060240963,0.07
T2-TR1-032,0.022368421052631583,1.1722222222222223,0.02
T2-TR1-033,0.026086956521739132,1.2729166666666667,0.01
T2-TR1-034,0.020833333333333336,1.2,0.01
T2-TR1-035,0.01785714285714286,0.6631578947368421,0.01
T2-TR1-036,0.025806451612903226,1.2197802197802199,0.01
T2-TR1-037,0.02298850574712644,0.8922330097087379,0.02
T2-TR1-038,0.025396825396825397,0.44128440366972477,0.02
T2-TR1-039,0.029411764705882356,0.9598039215686275,0.01
T2-TR1-040,0.035582822085889566,0.48820224719101124,0.01
T2-TR1-041,0.024503311258278145,2.146153846153846,0.01
T2-TR1-042,0.028169014084507046,0.5395348837209302,0.02
T2-TR1-043,0.038709677419354833,1.06,0.02
T2-TR1-044,0.027083333333333334,0.7026666666666667,0.01
T2-TR1-045,0.029729729729729728,0.45135135135135135,0.01
T2-TR1-046,0.05714285714285715,0.23199999999999998,0.01
T2-TR1-047,0.03636363636363636,1.628787878787879,0.01
T2-TR1-048,0.030769230769230767,0.74,0.01
T2-TR1-049,0.035,0.562992125984252,0.01
Duplicate of (T2-TR2-011),0.023908523908523906,21.428571428571427,0.52
T2-TR1-050,0.04814814814814815,0.24186046511627907,0.01
T2-TR1-051,0.05769230769230769,0.5744186046511628,0.01
T2-TR1-052,0.04666666666666667,0.04788732394366197,0.01
T2-TR1-053,0.04615384615384615,0.08969072164948452,0.01
T2-TR1-054,0.0642857142857143,0.30714285714285716,0.01
T2-TR1-055,0.05714285714285715,0.14210526315789473,0.01
T2-TR1-056,0.048275862068965524,0.13892215568862276,0.01
T2-TR2-001,0.17500000000000002,1.451111111111111,0.01
T2-TR2-002,0.14,1.4136363636363638,0.01
T2-TR2-003,0.06,0.7488888888888889,0.01
T2-TR2-004,0.11666666666666668,1.735897435897436,0.01
T2-TR2-005,0.08750000000000001,1.1877551020408164,0.01
T2-TR2-006,0.05555555555555555,0.9894736842105263,0.01
T2-TR2-007,0.05555555555555556,0.8357798165137614,0.01
T2-TR2-008,0.047058823529411764,0.9095744680851063,0.02
T2-TR2-009,0.05000000000000001,1.5116279069767442,0.02
T2-TR2-010,0.017142857142857144,2.5609756097560976,0.04
T2-TR2-011,0.020366598778004074,22.36842105263158,0.31
Blank,0.125,1.1,0.01
T2-TR2-012,0.023809523809523808,1.4130434782608696,0.03
T2-TR2-013,0.02608695652173913,0.675392670157068,0.02
T2-TR2-014,0.014558058925476602,3.1123595505617976,0.02
T2-TR2-015,0.021356783919597992,1.7865168539325842,0.03
T2-TR2-016,0.017361111111111112,4.766666666666667,0.02
T2-TR2-017,0.022857142857142857,1.773109243697479,0.06
Duplicate of (T2-TR2-014),0.014827018121911038,2.9886363636363638,0.06
T2-TR2-018,0.015094339622641508,0.8329411764705882,0.03
T2-TR2-019,0.017073170731707315,1.1640625,0.01
T2-TR3-001,0.0510204081632653,0.365,0.01
T2-TR3-002,0.043333333333333335,0.6852941176470588,0.01
T2-TR3-003,0.125,2.5104166666666665,0.01
T2-TR3-004,0.0375,0.7985915492957747,0.01
T2-TR3-005,0.0625,1.15625,0.01
T2-TR3-006,0.06363636363636364,1.238888888888889,0.01
T2-TR3-007,0.05555555555555556,1.1714285714285715,0.01
T2-TR3-008,0.04666666666666667,1.7413793103448276,0.01
T2-TR3-009,0.05833333333333334,0.956,0.01
T2-TR3-010,0.023529411764705882,1.152542372881356,0.01
T2-TR3-011,0.009638554216867469,1.2857142857142858,0.01
T2-TR3-012,0.023116438356164386,1.631578947368421,0.01
T2-TR3-013,0.02076271186440678,1.056338028169014,0.01
Blank,0.08333333333333334,1.55,0.01
T2-TR3-014,0.017582417582417582,0.772,0.01
T2-TR3-015,0.02631578947368421,0.9567164179104477,0.01
T2-TR3-016,0.032075471698113214,0.9281690140845071,0.01
T2-TR3-017,0.027868852459016397,0.6726027397260275,0.01
T2-TR3-018,0.0375,0.775,0.01
T2-TR3-019,0.055172413793103454,0.9478260869565218,0.01
T2-TR3-020,0.11111111111111112,0.8999999999999999,0.01
T2-TR3-021,0.03513513513513514,0.27837837837837837,0.01
T2-TR3-022,0.024999999999999998,0.3152542372881356,0.01
T2-TR3-023,0.03783783783783784,0.2914529914529915,0.01
T2-TR3-024,0.04583333333333334,0.2805084745762712,0.01
T2-TR3-025,0.04166666666666667,0.26744186046511625,0.01
T2-TR3-026,0.02558139534883721,0.4203389830508475,0.01
T2-TR3-027,0.06923076923076922,0.30588235294117644,0.01
T2-TR4-001,0.012121212121212123,0.19705882352941176,0.01
T2-TR4-002,0.025,0.15263157894736842,0.01
T2-TR4-003,0.024,0.06405228758169935,0.01
T2-TR4-004,0.028000000000000004,0.12686567164179105,0.01
T2-TR4-005,0.028571428571428574,0.39779411764705885,0.01
Triplicate (T2-TR2-011),0.023725055432372508,25.844155844155843,0.79
T2-TR4-006,0.022857142857142857,0.1850828729281768,0.01
T2-TR4-007,0.028070175438596492,0.31075268817204305,0.01
T2-TR4-008,0.03529411764705882,0.30535117056856187,0.01
T2-TR4-009,0.036413043478260874,0.3860759493670886,0.01
T2-TR4-010,0.05128205128205129,0.8519230769230769,0.01
T2-TR4-011,0.040625,0.27692307692307694,0.01
T2-TR4-012,0.0625,0.2,0.01
T2-TR4-013,0.023222748815165874,0.937142857142857,0.03
BLANK,0.08333333333333334,0.8,0.01
T2-TR4-014,0.016666666666666666,0.7857142857142857,0.01
T2-TR4-015,0.05770925110132159,0.4810526315789474,0.01
T2-TR4-016,0.05559006211180124,0.39333333333333337,0.01
T2-TR4-017,0.058545454545454546,0.4083333333333333,0.01
T2-TR4-018,0.029069767441860465,0.6666666666666666,0.01
T2-TR4-019,0.01530612244897959,0.5203883495145631,0.01
T2-TR4-020,0.03064516129032258,0.75,0.01
T2-TR4-021,0.029577464788732393,0.2696078431372549,0.01
T2-TR4-022,0.031578947368421054,0.5385321100917432,0.01
T2-TR4-023,0.040625,0.5666666666666667,0.01
T2-TR4-024,0.08064516129032258,1.2459016393442623,0.01
T2-TR4-025,0.044444444444444446,0.7461538461538462,0.01
T2-TR4-026,0.034567901234567905,0.5041095890410958,0.01
Duplicate of of (T2-TR4-013),0.02633744855967078,0.9272727272727274,0.01
T2-TR4-027,0.028205128205128206,0.43859649122807015,0.01
T2-TR6-001,0.01929824561403509,0.6138461538461538,0.05
T2-TR6-002,0.012056737588652484,0.3814814814814815,0.03
T2-TR6-003,0.019642857142857146,0.9453781512605042,0.03
T2-TR6-004,0.022857142857142857,0.663855421686747,0.02
T2-TR6-005,0.02682926829268293,1.0523809523809524,0.02
T2-TR6-006,0.026041666666666668,0.34913793103448276,0.02
T2-TR6-007,0.0368421052631579,0.8090909090909091,0.01
T2-TR6-008,0.030232558139534887,0.3525,0.01
T2-TR6-009,0.027586206896551727,1.6844444444444444,0.03
Blank,0.1,1.8,0.01
T2-TR6-010,0.021518987341772152,1.0746478873239436,0.02
T2-TR6-011,0.03114754098360656,1.0224137931034483,0.02
T2-TR6-012,0.024999999999999998,0.8688524590163934,0.02
T2-TR6-013,0.03272727272727272,0.6701298701298701,0.02
T2-TR6-014,0.04177215189873418,0.5718120805369128,0.06
T2-TR6-015,0.021651090342679126,1.0276315789473685,0.01
T2-TR6-016,0.02012578616352201,0.5463917525773195,0.02
T2-TR6-017,0.018601190476190476,1.061904761904762,0.15
T2-TR6-018,0.015092165898617513,0.5147058823529411,0.07
T2-TR6-019,0.029148936170212768,0.524390243902439,0.09
T2-TR6-020,0.020416666666666666,0.3,0.04
T2-TR6-021,0.01453287197231834,0.5798245614035087,0.16
Duplicate of (T2-TR6-009),0.02909090909090909,1.7977272727272726,0.02
T2-TR6-022,0.025599999999999998,0.2062015503875969,0.01
T2-TR6-023,0.027507163323782235,0.43664921465968587,0.01
T2-TR6-024,0.025465838509316767,0.660655737704918,0.02
T2-TR6-025,0.02446808510638298,0.47051282051282056,0.02
T2-TR6-026,0.018055555555555557,0.6062992125984252,0.03
T2-TR6-027,0.02258064516129032,0.6469026548672566,0.02
T2-TR6-028,0.022,0.2752941176470588,0.03
T2-TR6-029,0.026132930513595165,0.4120253164556962,0.08
T2-TR6-030,0.03541666666666667,1.6622516556291391,0.22
T2-TR6-031,0.016099773242630386,0.36874999999999997,0.06
T2-TR6-032,0.019745222929936305,0.4684931506849315,0.06
T2-TR6-033,0.02125,0.4478260869565217,0.09
T2-TR6-034,0.029425028184892895,1.3636363636363635,0.18
T2-TR6-035,0.03225371120107963,0.3584699453551912,0.05
T2-TR6-036,0.029754601226993863,0.7331606217616581,0.09
Blank,0.08333333333333334,1.6,0.01
T2-TR6-037,0.02601351351351351,1.0388349514563107,0.2
T2-TR6-038,0.02222222222222222,0.22199999999999998,0.66
T2-TR6-039,0.017258883248730966,0.4341666666666667,0.06
T2-TR6-040,0.03950617283950617,0.8411764705882353,0.02
T2-TR6-041,0.024719101123595506,1.6358024691358024,0.05
T2-TR6-042,0.0288135593220339,1.0367088607594936,0.05
Duplicate of(T2-TR6-036),0.02606232294617564,0.8094059405940595,0.12
T2-TR6-043,0.02857142857142857,0.6763888888888889,0.06
T2-TR6-044,0.022480620155038756,0.9141304347826086,0.09
T2-TR6-045,0.019444444444444445,1.5959999999999999,0.03
T2-TR6-046,0.015354330708661419,1.8976190476190478,0.04
T2-TR6-057,0.025714285714285714,1.6417910447761195,0.01
T2-TR6-058,0.027272727272727275,1.302941176470588,0.01
T2-TR7-003,0.06521739130434782,0.35192307692307695,0.01
T2-TR7-004,0.05588235294117647,0.9476190476190477,0.01
T2-TR7-005,0.08571428571428572,1.370175438596491,0.01
T2-TR7-006,0.0525,0.894,0.01
T2-TR7-007,0.03783783783783784,0.23636363636363636,0.01
T2-TR7-008,0.05714285714285715,0.12105263157894736,0.01
T2-TR7-009,0.07777777777777778,0.2888888888888889,0.01
T2-TR7-010,0.06363636363636364,0.54,0.01
T2-TR7-011,0.04736842105263158,0.5846153846153845,0.01
T2-TR7-012,0.041379310344827586,0.47619047619047616,0.01
Duplicate of(T2-TR7-020),0.0099601593625498,0.8862745098039216,0.04
T2-TR7-013,0.0409090909090909,0.46153846153846156,0.01
T2-TR7-014,0.054545454545454536,0.2857142857142857,0.01
T2-TR7-015,0.043181818181818175,0.139,0.01
T2-TR7-016,0.018518518518518517,1.7666666666666666,0.04
T2-TR7-017,0.01919191919191919,1.2115384615384615,0.03
T2-TR7-018,0.03888888888888888,1.1066666666666667,0.02
T2-TR7-019,0.013496932515337425,0.7184615384615385,0.08
T2-TR7-020,57.14285714285714,1.5656249999999998,5.0
T2-TR7-021,30.000000000000004,1.1312499999999999,5.0
T2-TR7-022,150.0,1.0666666666666667,5.0
Blank,10.0,1.76,5.0
T2-TR7-023,509.99999999999994,0.29733333333333334,5.0
T2-TR7-024,420.0,0.3112359550561798,5.0
T2-TR7-025,850.0,0.23445378151260504,5.0
T2-TR7-026,220.0,0.3358974358974359,5.0
T2-TR7-027,400.0,1.0083333333333333,5.0
T2-TR7-028,525.0,1.0,5.0
T2-TR7-029,770.0,1.4000000000000001,5.0
T2-TR7-030,940.0,0.4307017543859649,5.0
T2-TR7-031,1910.0,2.009375,5.0
Triplicate(T2-TR7-020),57.14285714285714,1.4558823529411766,5.0
T2-TR7-032,710.0,0.4636363636363636,5.0
T2-TR7-033,1460.0,1.9972222222222222,5.0
T2-TR7-034,190.0,0.42857142857142855,5.0
T2-TR7-035,1660.0,1.9794871794871796,5.0
T2-TR7-036,1450.0,1.5674418604651164,5.0
T2-TR7-037,990.0,3.192592592592592,5.0
T2-TR7-038,350.0,0.7513513513513512,5.0
T2-TR7-039,830.0,0.634090909090909,5.0
T2-TR7-040,2070.0,1.3973684210526316,5.0
T2-TR7-041,1310.0,1.2742857142857142,5.0
T2-TR7-042,735.0,1.684,5.0
T2-TR7-043,1789.9999999999998,1.475,5.0
T2-TR7-044,1550.0,1.3942857142857144,5.0
T2-TR7-045,1490.0,1.1088235294117648,5.0
T2-TR7-046,1720.0,1.0975,5.0
T2-TR7-047,1490.0,1.2142857142857142,5.0
T2-TR7-048,1190.0,0.9155555555555556,5.0
T2-TR7-049,535.0,1.0222222222222221,5.0
T2-TR5-001,2130.0,1.605,5.0
T2-TR5-002,2170.0,1.7321428571428572,5.0
T2-TR5-003,1989.9999999999998,1.0725,5.0
T2-TR5-004,1520.0,1.0644444444444445,5.0
T2-TR5-005,1250.0,0.865625,5.0
T2-TR5-006,1310.0,0.7134328358208956,5.0
Duplicate of(T2-TR5-010),66.66666666666667,1.4088235294117648,5.0
T2-TR5-007,800.0,0.9687500000000001,5.0
T2-TR5-008,450.0,0.5743589743589744,5.0
T2-TR5-009,83.33333333333334,1.3941176470588237,5.0
T2-TR5-010,90.0,1.43125,5.0
Blank,10.0,0.72,5.0
T2-TR5-011,1600.0,2.3451612903225802,10.0
T2-TR5-012,1660.0,1.8309523809523809,5.0
T2-TR5-013,486.6666666666667,1.1426829268292682,5.0
T2-TR5-014,277.5,1.1,5.0
T2-TR5-015,340.0,1.0297297297297296,5.0
T2-TR5-016,425.0,1.0552238805970149,5.0
T2-TR5-017,2150.0,1.2285714285714286,5.0
T2-TR5-018,586.6666666666667,1.711864406779661,5.0
T2-TR5-019,1350.0,1.1634146341463414,5.0
T2-TR5-020,770.0,0.8897435897435898,5.0
T2-TR5-021,1680.0,1.6420000000000001,5.0
T2-TR5-022,819.9999999999999,1.1258064516129032,5.0
T2-TR5-023,229.99999999999997,0.47307692307692306,5.0
T2-TR5-024,240.0,0.3485714285714286,5.0
T2-TR5-025,365.0,1.075,5.0
T2-TR8-001,1989.9999999999998,1.1659090909090908,5.0
T2-TR8-002,1130.0,1.1827586206896552,5.0
T2-TR8-003,1200.0,1.2874999999999999,5.0
T2-TR8-004,1360.0,1.5433333333333332,5.0
T2-TR8-005,1580.0,1.571875,5.0
T2-TR8-006,1600.0,1.5363636363636366,5.0
T2-TR8-007,610.0,0.36724137931034484,5.0
T2-TR8-008,290.0,0.2553191489361702,5.0
T2-TR8-009,690.0,0.925,5.0
Duplicate of(T2-TR5-016),425.0,1.1090909090909091,5.0
Blank,10.0,0.88,5.0
T2-TR8-010,610.0,0.884,5.0
T2-TR8-011,350.0,0.6619047619047619,5.0
T2-TR8-012,550.0,0.46976744186046515,5.0
T2-TR8-013,720.0,0.7461538461538462,5.0
T2-TR8-014,680.0,0.6894736842105263,5.0
T2-TR8-015,1160.0,0.9333333333333333,5.0
T2-TR8-016,1230.0,0.7788461538461537,5.0
T2-TR8-017,1960.0,0.7450704225352113,5.0
T2-TR8-018,1820.0,0.611764705882353,5.0
T2-TR8-019,1760.0,0.975,5.0
T2-TR8-020,1850.0,1.536842105263158,5.0
T2-TR8-021,1900.0,1.1826923076923077,5.0
T2-TR8-022,2230.0,1.0746478873239438,5.0
T2-TR8-023,1340.0,1.6133333333333333,5.0
T2-TR8-024,509.99999999999994,0.9492063492063493,5.0
Blank,10.0,0.84,5.0
T2-TR8-025,409.99999999999994,0.7126984126984127,5.0
T2-TR8-026,1290.0,1.396551724137931,5.0
T2-TR8-027,1750.0,1.188095238095238,5.0
T2-TR8-028,1310.0,1.5555555555555556,5.0
T2-TR8-029,1170.0,1.8833333333333335,5.0
T2-TR8-030,1280.0,1.0948717948717948,5.0
T2-TR8-031,590.0,1.265217391304348,5.0
T2-TR8-032,1310.0,1.9192307692307693,5.0
T2-TR8-033,170.0,1.3444444444444443,5.0
Duplicate of(T2-TR8-024),480.0,0.9629032258064515,5.0
Blank,10.0,1.2,5.0
T2-TR8-034,650.0,1.2125,5.0
T2-TR8-035,2570.0,2.8666666666666667,5.0
T2-TR8-036,700.0,0.6,5.0
T2-TR8-037,1739.9999999999998,1.7304347826086959,5.0
T2-TR8-038,1950.0,1.0692307692307692,5.0
T2-TR8-039,2300.0,1.2423076923076923,5.0
T2-TR8-040,1980.0,1.49,5.0
T2-TR8-041,2060.0,1.3790697674418604,5.0
T2-TR8-042,1270.0,1.4617647058823529,5.0
T2-TR8-043,1560.0,1.5435897435897434,5.0
T2-TR9-001,1580.0,1.2305555555555554,5.0
T2-TR9-002,1450.0,1.156521739130435,5.0
T2-TR9-003,1650.0,1.3871794871794874,10.0
T2-TR9-004,1310.0,1.259090909090909,10.0
T2-TR9-005,1639.9999999999998,1.8696969696969699,10.0
T2-TR9-006,1460.0,2.5892857142857144,10.0
T2-TR9-007,1610.0,4.727272727272727,10.0
T2-TR9-008,1400.0,1.4470588235294117,10.0
Duplicate of(T2-TR9-013),0.7702523240371846,2.5636363636363635,5.0
T2-TR9-009,1210.0,1.325,5.0
T2-TR9-010,2260.0,1.5000000000000002,5.0
T2-TR9-011,2540.0,1.1928571428571428,5.0
T2-TR9-012,1015.0,1.9419354838709675,5.0
T2-TR9-013,1.0416666666666667,2.994444444444444,5.0
Blank,10.0,0.92,5.0
T2-TR9-014,92.85714285714285,1.923529411764706,5.0
T2-TR9-015,360.0,3.325,5.0
T2-TR9-016,312.5,3.1608695652173915,5.0
T2-TR9-017,254.99999999999997,3.642857142857143,5.0
T2-TR9-018,204.99999999999997,0.47526881720430103,5.0
T2-TR9-019,1240.0,1.0354838709677419,5.0
T2-TR9-020,1850.0,1.2272727272727273,5.0
T2-TR9-021,1689.9999999999998,1.5225,5.0
T2-TR9-022,960.0,0.8674418604651163,5.0
T2-TR9-023,670.0,0.94,5.0
T2-TR9-024,860.0,1.232,5.0
T2-TR9-025,840.0,1.0687499999999999,5.0
T2-TR9-026,700.0,0.742,5.0
T2-TR10-001,140.0,0.6136363636363636,5.0
Duplicate of(T2-TR10-012),290.0,0.4928,5.0
T2-TR10-002,1100.0,1.4,5.0
T2-TR10-003,1390.0,1.122,5.0
T2-TR10-004,2340.0,0.9264705882352942,5.0
T2-TR10-005,1075.0,1.085,5.0
T2-TR10-006,352.5,0.8072289156626505,5.0
T2-TR10-007,660.0,0.8623529411764705,5.0
T2-TR10-008,409.99999999999994,1.5098039215686276,5.0
T2-TR10-009,1035.0,1.1253968253968254,5.0
T2-TR10-010,520.0,1.8031249999999999,5.0
T2-TR10-011,950.0,0.9076923076923077,5.0
T2-TR10-012,190.0,0.4314685314685314,5.0
T2-TR10-013,180.0,1.1583333333333332,5.0
Blank,10.0,0.92,5.0
T2-TR10-014,233.33333333333334,2.191304347826087,5.0
T2-TR10-015,607.5,1.8921568627450982,5.0
T2-TR10-016,810.0,1.6741935483870969,5.0
T2-TR10-017,800.0,1.2945945945945945,5.0
T2-TR10-018,615.0,1.4363636363636365,5.0
T2-TR10-019,1689.9999999999998,1.40625,5.0
T2-TR10-020,2880.0,1.3575,5.0
T2-TR10-021,2840.0,1.4361111111111111,5.0
T2-TR10-022,2530.0,1.4342857142857142,5.0
T2-T11-001,1620.0,1.1133333333333333,5.0
T2-T11-002,2030.0,1.234090909090909,5.0
T2-T11-003,1670.0,1.3822222222222222,5.0
Duplicate of(T2-T11-007),85.0,0.7102564102564103,5.0
T2-T11-004,590.0,0.875609756097561,5.0
T2-T11-005,1789.9999999999998,1.6228571428571428,5.0
T2-T11-006,645.0,1.4827586206896552,5.0
T2-T11-007,110.0,0.66,5.0
Blank,10.0,0.84,5.0
T2-T11-008,720.0,1.417857142857143,5.0
T2-T11-009,2620.0,2.0294117647058827,5.0
T2-T11-010,1160.0,1.7545454545454544,5.0
T2-T11-011,440.0,1.6214285714285714,5.0
T2-T11-012,295.0,1.5875000000000001,5.0
T2-T11-013,1140.0,3.4,5.0
T2-T11-014,310.0,1.3447368421052632,5.0
T2-T11-015,175.0,1.711111111111111,5.0
T2-T11-016,180.00000000000003,1.6392857142857142,5.0
T2-T11-017,620.0,0.9775,5.0
T2-T11-018,1060.0,1.2774193548387096,5.0
T2-T11-019,1080.0,1.411111111111111,5.0
T2-T11-020,1200.0,1.0054054054054054,5.0
T2-T11-021,200.0,0.7799999999999999,5.0
T2-T11-022,70.0,0.6230769230769231,5.0
T2-TR12-001,390.0,1.2384615384615385,5.0
Duplicate of(T2-TR13-007),240.0,2.2333333333333334,5.0
Blank,20.0,1.44,5.0
T2-TR12-002,969.9999999999999,1.0516129032258064,5.0
T2-TR12-003,1240.0,0.8785714285714286,5.0
T2-TR12-004,1010.0,1.686206896551724,5.0
T2-TR12-005,1330.0,3.275,5.0
T2-TR12-006,800.0,0.9022727272727272,5.0
T2-TR12-007,850.0,2.7642857142857147,5.0
T2-TR12-008,770.0,1.9454545454545453,5.0
T2-TR12-009,180.0,1.0935483870967742,5.0
T2-TR12-010,140.0,0.4809523809523809,5.0
T2-TR12-011,110.0,0.43529411764705883,5.0
T2-TR12-012,260.0,0.8571428571428572,10.0
T2-TR12-013,1430.0,1.0,5.0
T2-TR12-014,1810.0,1.075,5.0
T2-TR12-015,1610.0,0.9627450980392158,5.0
T2-TR13-004,1100.0,1.8555555555555554,5.0
T2-TR13-005,2030.0,5.22,5.0
T2-TR13-006,1480.0,4.921428571428572,5.0
T2-TR13-007,260.0,2.5083333333333333,5.0
T2-TR13-008,120.0,0.7764705882352941,5.0
T2-TR13-009,459.99999999999994,1.2685714285714287,5.0
Duplicate of(T2-TR14-025),340.0,1.1874999999999998,5.0
Blank,10.0,1.2,5.0
T2-TR13-010,90.0,1.3888888888888888,5.0
T2-TR13-011,90.0,1.1333333333333333,5.0
T2-TR13-012,40.0,2.96,5.0
T2-TR13-013,60.0,1.2285714285714286,5.0
T2-TR13-014,90.0,1.74,5.0
T2-TR14-002,1450.0,0.9387096774193548,5.0
T2-TR14-003,1150.0,0.9749999999999999,5.0
T2-TR14-004,940.0,0.95,5.0
T2-TR14-018,860.0,0.8560975609756097,5.0
T2-TR14-019,1500.0,0.9928571428571428,5.0
T2-TR14-020,1900.0,1.2605263157894737,5.0
T2-TR14-024,520.0,1.410344827586207,5.0
T2-TR14-025,360.0,1.15,5.0
T2-TR14-026,1350.0,1.7193548387096773,5.0
T2-TR14-027,1240.0,1.15625,5.0
T2-TR14-028,1280.0,1.1444444444444444,5.0
Triplicate(T2-TR13-007),270.0,2.2384615384615385,5.0
Blank,10.0,1.2,5.0
T2-TR14-029,810.0,1.7476190476190474,5.0
T2-TR15-002,1370.0,0.9885714285714285,5.0
T2-TR15-003,1760.0,1.11875,5.0
T2-TR15-004,1200.0,1.4888888888888887,5.0
T2-TR15-005,1320.0,1.26,5.0
T2-TR15-006,1630.0,1.47,5.0
T2-TR15-007,1650.0,1.7620689655172415,5.0
T2-TR15-008,1930.0,1.5735294117647058,5.0
T2-TR15-009,1700.0,1.13,5.0
T2-TR15-010,1639.9999999999998,1.105,5.0
T2-TR15-011,1610.0,0.9179999999999999,5.0
T2-TR15-012,1130.0,1.3205882352941178,5.0
T2-TR15-013,2039.9999999999998,1.586842105263158,5.0
T2-TR15-014,580.0,1.436842105263158,5.0
T2-TR15-015,100.0,0.3222222222222222,5.0
T2-TR15-016,350.0,2.977777777777778,5.0
T2-TR15-017,83.33333333333334,1.725,5.0
T2-TR15-018,168.0,0.6304347826086957,5.0
Duplicate of(T2-TR15-016),680.0,3.158823529411765,5.0
Blank,10.0,1.24,5.0
T2-TR15-019,175.0,0.9923076923076923,5.0
T2-TR15-020,350.0,1.2459459459459459,5.0
T2-TR15-021,1180.0,1.8148148148148149,5.0
T2-TR15-022,1300.0,1.3,5.0
T2-TR15-023,1210.0,1.3129032258064517,5.0
T2-TR16-002,1530.0,1.3285714285714287,5.0
T2-TR16-003,2090.0,1.3933333333333333,5.0
T2-TR16-004,1350.0,1.6071428571428572,5.0
T2-TR16-005,1270.0,1.6760000000000002,5.0
T2-TR16-006,1070.0,1.5266666666666666,5.0
T2-TR16-007,560.0,2.5777777777777775,5.0
T2-TR16-008,570.0,2.6291666666666664,5.0
T2-TR16-009,1140.0,2.1956521739130435,5.0
T2-TR16-010,720.0,2.0,5.0
T2-TR16-011,1540.0,2.16,5.0
T2-TR16-012,243.33333333333334,2.4944444444444445,5.0
T2-TR16-013,1520.0,2.5818181818181816,5.0
Duplicate of(T2-TR16-021),770.0,1.673076923076923,5.0
T2-TR16-014,2130.0,2.1115384615384616,5.0
T2-TR16-015,1820.0,3.168181818181818,5.0
T2-TR16-016,640.0,2.8238095238095235,5.0
T2-TR16-017,530.0,1.3655172413793104,5.0
T2-TR16-018,1110.0,2.8173913043478267,5.0
T2-TR16-019,1260.0,7.4375,5.0
T2-TR16-020,1270.0,2.348,5.0
T2-TR16-021,790.0,1.7559999999999998,5.0
Blank,10.0,1.52,5.0
T2-TR16-022,1070.0,0.7380952380952381,5.0
T2-TR16-023,610.0,1.0676470588235294,5.0
T2-TR16-024,869.9999999999999,1.1833333333333333,5.0
T2-TR16-025,880.0,1.2541666666666667,5.0
T2-TR17-001,780.0,1.776190476190476,5.0
T2-TR17-002,1210.0,1.6800000000000002,5.0
T2-TR17-003,660.0,1.9766666666666666,5.0
T2-TR17-004,1230.0,1.6807692307692308,5.0
Duplicate of(T2-TR17-002),1220.0,1.775,5.0
Blank,10.0,1.76,5.0
T2-TR17-005,1420.0,1.7642857142857145,5.0
T2-TR17-008,1320.0,1.0976190476190477,5.0
T2-TR17-009,1420.0,1.2416666666666665,5.0
T2-TR17-010,1560.0,1.3558823529411765,5.0
T2-TR17-017,1000.0,1.955,5.0
T2-TR17-021,1760.0,1.6440000000000001,5.0
T2-TR17-022,1670.0,1.606896551724138,5.0
T2-TR17-023,1930.0,1.3424242424242425,5.0
T3-TR1-003,440.0,0.9085714285714286,5.0
T3-TR1-004,390.0,0.28421052631578947,5.0
T3-TR1-005,520.0,0.582089552238806,5.0
Blank,10.0,1.68,5.0
T3-TR1-006,1040.0,0.8519480519480519,5.0
T3-TR1-007,220.0,0.35441176470588237,5.0
T3-TR1-008,220.0,0.26,5.0
Duplicate of(T3-TR1-005),520.0,0.60625,5.0
T3-TR2-003,73.33333333333333,0.3491071428571429,5.0
T3-TR2-004,290.0,0.4010752688172043,5.0
T3-TR2-008,600.0,0.621505376344086,5.0
T3-TR2-009,680.0,0.7493827160493828,5.0
T3-TR2-010,770.0,0.8051282051282052,5.0
T3-TR2-011,440.0,0.9395833333333333,5.0
T3-TR3-013,540.0,0.29774436090225564,5.0
T3-TR3-014,900.0,0.492,5.0
Duplicate of(T3-TR3-020),330.0,0.4347826086956522,5.0
Blank,10.0,0.8,5.0
T3-TR3-017,530.0,0.5594594594594594,5.0
T3-TR3-018,425.0,0.49223300970873785,5.0
T3-TR3-019,200.0,0.35977011494252875,5.0
T3-TR3-020,320.0,0.4085106382978723,5.0
T3-TR3-021,320.0,1.4172413793103449,5.0
T3-TR3-022,42.0,0.832258064516129,5.0
T3-TR3-023,900.0,0.7927083333333333,5.0
T3-TR4-005,26.666666666666668,0.3242424242424243,5.0
T3-TR5-003,260.0,0.27802197802197803,5.0
Duplicate of(T3-TR5-007),210.0,1.1060606060606062,5.0
T3-TR5-004,490.0,0.4244444444444444,5.0
T3-TR5-005,180.0,0.4052631578947368,5.0
T3-TR5-006,200.0,0.4444444444444444,5.0
T3-TR5-007,6.176470588235294,1.0888888888888888,5.0
Blank,10.0,0.84,5.0
T3-TR5-008,150.0,0.8542857142857143,5.0
T3-TR5-009,120.0,0.45238095238095233,5.0
T3-TR5-010,400.0,0.7563636363636363,5.0
T3-TR5-011,210.0,0.5957446808510638,5.0
T3-TR5-012,180.0,0.47916666666666663,5.0
T3-TR5-013,60.0,0.23703703703703702,5.0
T3-TR5-014,130.0,0.42777777777777776,5.0
T3-TR6-001,229.99999999999997,0.4627450980392157,5.0
T3-TR6-002,190.0,0.518421052631579,5.0
T3-TR6-003,229.99999999999997,0.3337837837837838,5.0
T3-TR6-004,150.0,0.5350877192982456,5.0
Duplicate of(T3-TR7-008),2.4637681159420293,1.9875,5.0
Blank,10.0,0.84,5.0
T3-TR6-005,165.0,0.6833333333333332,5.0
T3-TR6-006,180.0,0.7647058823529412,5.0
T3-TR6-007,120.0,0.6533333333333333,5.0
T3-TR6-008,100.0,0.8575757575757577,5.0
T3-TR6-009,56.666666666666664,0.8340425531914893,5.0
T3-TR6-010,220.0,0.7568627450980392,5.0
T3-TR6-011,420.0,0.4281690140845071,5.0
T3-TR6-012,70.0,0.6833333333333332,5.0
T3-TR6-013,120.0,0.7225,5.0
T3-TR6-014,200.0,0.645,5.0
T3-TR7-005,155.0,0.6403508771929824,5.0
T3-TR7-006,150.0,0.8096774193548386,5.0
T3-TR7-007,260.0,1.8944444444444444,5.0
T3-TR7-008,5.769230769230769,1.6444444444444444,5.0
T3-TR7-009,160.0,0.6625,5.0
T3-TR7-010,229.99999999999997,0.5457142857142857,5.0
T3-TR7-011,310.0,0.6465116279069767,5.0
T3-TR7-012,150.0,0.5704545454545453,5.0
T3-TR7-013,30.0,0.548,5.0
Duplicate of(An6-T3-TR8-009),170.0,0.5129032258064516,5.0
T3-TR7-014,200.0,0.42558139534883727,5.0
An6-T3-TR8-008,180.0,0.45,5.0
An6-T3-TR8-009,170.0,0.4935483870967742,5.0
Blank,10.0,0.84,5.0
An6-T3-TR8-010,120.0,1.059090909090909,5.0
An6-T3-TR8-011,280.0,1.3333333333333333,5.0
An6-T3-TR8-012,370.0,1.032258064516129,5.0
An6-T3-TR9-001,103.33333333333334,0.48571428571428565,5.0
An6-T3-TR9-002,155.0,0.51,5.0
An6-T3-TR9-003,180.0,0.39074074074074067,5.0
An6-T3-TR9-004,229.99999999999997,0.6323529411764706,5.0
Duplicate of(An6-T3-TR9-003),190.0,0.3824561403508772,5.0
An6-T3-TR9-005,210.0,0.52,5.0
An6-T3-TR9-006,229.99999999999997,0.575609756097561,5.0
An6-T3-TR9-007,220.0,0.7155555555555556,5.0
An6-T3-TR9-008,140.0,0.6571428571428573,5.0
An6-T3-TR9-009,200.0,0.6166666666666667,5.0
An6-T3-TR9-010,750.0,1.1266666666666667,5.0
An6-T3-TR9-013,370.0,0.5527777777777778,5.0
An6-T3-TR9-014,320.0,1.0205128205128204,5.0
An6-T3-TR9-015,320.0,0.727906976744186,5.0
Duplcate(An6-T3-TR9-009),200.0,0.6166666666666667,5.0
Blank,10.0,0.84,5.0
An6-T3-TR9-016,690.0,1.1052631578947367,5.0
An6-T3-TR9-017,180.0,0.568,5.0
An6-T3-TR9-018,210.0,0.95,5.0
An6-T3-TR9-019,340.0,1.1695652173913045,5.0
An6-T3-TR9-020,750.0,0.9205128205128205,5.0
An6-T3-TR9-021,950.0,1.1175,5.0
An6-T3-TR9-022,980.0,0.8480000000000001,5.0
An6-T3-TR9-025,330.0,0.8029411764705883,5.0
An6-T3-TR9-026,580.0,1.1125,5.0
Duplicate of(An6-T3-TR9-025),310.0,0.8,5.0
Blank,10.0,0.72,5.0
An6-T3-TR9-027,270.0,0.541860465116279,5.0
An6-T3-TR9-035,180.0,0.9551724137931035,5.0
An6-T3-TR9-036,210.0,0.8428571428571429,5.0
An6-T3-TR9-037,380.0,1.047826086956522,5.0
An6-T3-TR9-038,290.0,1.1346153846153846,5.0
An6-T3-TR9-039,1500.0,1.9826086956521738,5.0
An6-T3-TR9-040,480.0,1.0863636363636364,5.0
An6-T3-TR9-041,980.0,2.135,5.0
An6-T3-TR9-042,830.0,1.29,5.0
An6-T3-TR9-043,540.0,0.7999999999999999,5.0
Duplicate of(An6-T3-TR9-037),280.0,0.5090909090909091,5.0
Blank,10.0,0.88,5.0
An6-T3-TR10-021,140.0,0.45833333333333337,5.0
An6-T3-TR10-022,80.0,0.3,5.0
An6-T3-TR10-023,140.0,0.5499999999999999,5.0
An6-T3-TR11-011,229.99999999999997,0.7096153846153845,5.0
An6-T3-TR11-012,190.0,0.7195652173913044,5.0
An6-T3-TR11-013,80.0,0.5923076923076923,5.0
An6-T3-TR11-014,40.0,0.31481481481481477,5.0
Duplicate of(T3-TR11-011),250.0,0.6253968253968254,5.0
Blank,10.0,0.88,5.0
An6-T4-TR1-001,190.0,0.4787234042553191,5.0
An6-T4-TR1-002,160.0,0.2396825396825397,5.0
An6-T4-TR1-003,160.0,0.29387755102040813,5.0
An6-T4-TR1-004,80.0,0.9285714285714287,5.0
An6-T4-TR1-005,250.0,0.20298507462686569,5.0
Duplicate of(T4-TR2-005),120.0,0.6074074074074073,5.0
An6-T4-TR2-004,900.0,0.5622641509433962,5.0
An6-T4-TR2-005,130.0,0.6074074074074073,5.0
An6-T5-TR1-002,260.0,0.49565217391304345,5.0
Blank,10.0,0.88,5.0
An6-T5-TR1-003,570.0,0.47738095238095235,5.0
An6-T5-TR1-004,420.0,0.4046728971962617,5.0
An6-T5-TR1-005,530.0,0.4987951807228915,5.0
An6-T5-TR1-006,660.0,0.5658227848101265,5.0
An6-T5-TR1-007,869.9999999999999,0.7220588235294118,5.0
An6-T5-TR1-008,890.0,0.7313432835820896,5.0
Duplicate of(T5-TR1-002),250.0,0.49130434782608695,5.0
An6-T5-TR1-009,900.0,0.7031746031746031,5.0
An6-T5-TR1-010,800.0,0.5453333333333333,5.0
An6-T5-TR1-011,570.0,0.47888888888888886,5.0
An6-T5-TR1-012,350.0,0.426829268292683,5.0
An6-T5-TR1-013,270.0,0.19934640522875816,5.0
An6-T5-TR1-016,320.0,0.3436893203883495,5.0
An6-T5-TR2-001,200.0,0.20753424657534245,5.0
An6-T5-TR2-002,350.0,0.26776859504132233,5.0
An6-T5-TR2-003,450.0,0.20058823529411765,5.0
An6-T5-TR2-006,95.0,2.432258064516129,5.0
An6-T5-TR2-007,95.0,0.8042553191489361,5.0
An6-T5-TR2-008,190.0,0.37956989247311823,5.0
An6-T5-TR2-009,290.0,0.444,5.0
An6-T5-TR2-010,550.0,1.0658536585365854,5.0
Duplicate of(T5-TR2-007),95.0,0.823404255319149,5.0
Blank,10.0,1.0,5.0
An6-T5-TR2-011,890.0,1.1512820512820514,5.0
An6-T5-TR2-012,530.0,1.0264705882352942,5.0
An6-T5-TR2-013,840.0,1.596,5.0
An6-T5-TR2-014,980.0,0.7456521739130436,5.0
An6-T5-TR2-015,1080.0,1.0621621621621622,5.0
An6-T5-TR2-016,450.0,0.9285714285714287,5.0
An6-T5-TR3-001,670.0,0.6867924528301887,5.0
An6-T5-TR3-002,1140.0,0.9659090909090908,5.0
An6-T5-TR3-003,1030.0,0.9818181818181818,5.0
An6-T5-TR3-004,570.0,0.6516129032258065,5.0
An6-T5-TR3-005,320.0,0.5852459016393443,5.0
An6-T5-TR3-006,530.0,0.5470588235294118,5.0
An6-T5-TR3-007,470.0,0.49444444444444446,5.0
An6-T5-TR3-008,459.99999999999994,0.5188405797101449,5.0
Duplicate of (T5-TR3-005),300.0,0.578688524590164,5.0
An6-T5-TR3-011,290.0,0.8195652173913044,5.0
An6-T5-TR3-018,340.0,0.6,5.0
An6-T5-TR3-019,320.0,0.7298245614035088,5.0
An6-T5-TR3-020,190.0,0.7406779661016949,5.0
Blank,10.0,1.28,5.0
An6-T5-TR3-021,409.99999999999994,1.2648648648648648,5.0
An6-T5-TR3-022,430.0,1.3805555555555555,5.0
An6-T5-TR3-023,1330.0,2.1714285714285717,5.0
An6-T5-TR3-024,869.9999999999999,0.7964285714285715,5.0
An6-T5-TR3-025,760.0,0.7150943396226416,5.0
An6-T5-TR3-026,850.0,0.7245283018867924,5.0
An6-T5-TR3-027,450.0,0.41904761904761906,5.0
Duplicate of  (T5-TR4-018),0.2631578947368421,1.9818181818181817,5.0
An6-T5-TR4-001,710.0,0.7666666666666667,5.0
An6-T5-TR4-002,620.0,0.7931818181818182,5.0
An6-T5-TR4-003,509.99999999999994,0.6047619047619047,5.0
An6-T5-TR4-004,490.0,0.5641025641025642,5.0
An6-T5-TR4-005,650.0,0.6837209302325582,5.0
An6-T5-TR4-006,550.0,0.8457142857142858,5.0
An6-T5-TR4-007,720.0,0.9515151515151516,5.0
An6-T5-TR4-008,670.0,0.7000000000000001,5.0
An6-T5-TR4-009,520.0,0.7076923076923076,5.0
An6-T5-TR4-010,650.0,0.9594594594594593,5.0
An6-T5-TR4-011,409.99999999999994,0.9424242424242424,5.0
An6-T5-TR4-015,380.0,0.287719298245614,5.0
An6-T5-TR4-016,340.0,0.20916030534351146,5.0
An6-T5-TR4-017,360.0,0.2456692913385827,5.0
Duplicate of (T5-TR3-020),200.0,0.7714285714285716,5.0
An6-T5-TR4-018,2.545454545454545,1.672340425531915,5.0
Blank,20.0,1.08,5.0
An6-T5-TR4-019,210.0,0.43333333333333335,5.0
An6-T5-TR4-020,270.0,0.2036764705882353,5.0
An6-T5-TR5-003,2810.0,1.2135593220338983,5.0
An6-T5-TR5-004,50.333333333333336,4.25,5.0
Blank,10.0,0.88,5.0
An6-T5-TR5-005,1120.0,1.5885714285714285,5.0
Duplicate of (T5-TR5-004),342.5,4.6761904761904765,5.0
G/001,0.04598214285714286,1.347457627118644,0.01
G/002,0.03,22.17948717948718,2.31
G/003,0.023333333333333334,29.833333333333332,10.25
G/004,0.015172413793103448,6.224489795918367,0.06
G/007,0.03801652892561984,39.411764705882355,4.12
G/008,0.009266409266409266,4.361702127659575,0.02
G/009,0.014,4.333333333333333,0.01
G/010,0.018575851393188854,1.1324324324324324,0.01
G/011,0.005903083700440529,1.0043478260869565,0.01
G/012,0.02324561403508772,0.8076923076923077,0.14
G/013,0.016974169741697416,0.30454545454545456,0.03
G/014,0.04308510638297872,0.8702127659574468,0.15
G/015,0.022222222222222227,0.6111111111111112,0.005
G/017,0.08333333333333334,2.4,0.005
G/018,0.02769230769230769,0.6551724137931034,0.07
G/019,0.008,0.29230769230769227,0.005
G/021,0.013128491620111732,1.4147058823529413,0.04
G/022,0.0390625,0.3907407407407408,0.09
G/023,0.01789366053169734,0.8107142857142857,0.75
G/024,0.008045977011494254,0.9128205128205129,0.04
G/025,0.03155963302752293,1.7340425531914894,0.04
G/026,0.016549295774647886,0.6473684210526316,0.01
G/027,0.06363636363636364,6.333333333333333,0.01
G/028,0.11666666666666668,2.0375,0.005
G/029,0.09,3.9,0.44
G/030,0.021428571428571425,16.761904761904763,0.74
G/031,0.06,2.227272727272727,2.5
G/032,0.04444444444444444,4.06,0.05
G/033,0.06279069767441861,0.8182795698924731,0.01
G/035,0.052173913043478265,0.5294117647058824,8.79
G/036,0.05384615384615385,0.44166666666666665,0.005
G/037,0.07142857142857144,0.6125,0.01
G/038,0.0818181818181818,0.6190476190476191,0.12
G/039,0.11612903225806451,0.39210526315789473,0.005
G/040,0.0464516129032258,0.3282051282051282,0.005
G/041,0.034782608695652174,0.3985401459854015,0.01
G/042,0.049999999999999996,1.9689655172413794,0.2
G/043,0.0625,0.6222222222222222,0.03
G/044,0.06818181818181818,5.629032258064516,1.16
G/045,0.0625,4.6,0.005
G/046,0.039473684210526314,0.1826086956521739,0.005
G/047,0.03529411764705882,1.0787878787878789,0.005
G/050,0.02295081967213115,24.136363636363637,0.01
G/051,0.02105263157894737,0.4333333333333333,0.08
G/052,0.008870967741935484,0.55,0.05
G/053,0.0009109730848861283,0.33221476510067116,6.37
G/054,0.03888888888888889,1.1400000000000001,0.005
G/055,0.06666666666666667,1.2666666666666666,0.01
G/056,0.023125,0.6900000000000001,0.06
G/057,0.015,2.2600000000000002,0.14
G/058,0.09,0.31145833333333334,0.04
G/059,0.0782608695652174,0.17307692307692307,0.01
G/060,0.04411764705882353,0.25748031496062995,0.02
G/061,0.0304932735426009,0.21555555555555556,0.02
G/062,0.009302325581395349,0.5625,0.97
G/063,0.04519230769230769,0.30843373493975906,0.01
G/065,0.023255813953488375,0.1641509433962264,0.01
G/066,0.03287671232876712,1.7899999999999998,0.03
G/067,0.08333333333333334,2.44,0.01
G/068,0.08333333333333334,0.85,0.005
G/069,0.0642857142857143,0.325,0.005
