sample_id,lab_id,sample_type,project_area,anomaly_id,easting,northing,rl,from_m,to_m,interval_m,au_ppm,as_ppm,sb_ppm,bi_ppm,cu_ppm,zn_ppm,pb_ppm,ag_ppm,below_detection
RC.BH19.012,890.0,rc,Shamkya,An1,498794.926,2144447.1,323.512,11.0,12.0,1.0,0.005,1.9,0.07,0.45,71.9,141.0,20.2,0.05,True
RC.BH19.013,891.0,rc,Shamkya,An1,498794.926,2144447.1,322.512,12.0,13.0,1.0,0.01,2.1,0.1,0.21,27.9,96.0,13.9,0.07,False
RC.BH19.014,892.0,rc,Shamkya,An1,498794.926,2144447.1,321.512,13.0,14.0,1.0,0.01,3.4,0.12,0.29,24.1,56.0,9.6,0.08,False
RC.BH19.015,893.0,rc,Shamkya,An1,498794.926,2144447.1,320.512,14.0,15.0,1.0,0.2,14.4,0.18,1.2,33.9,59.0,15.3,0.21,False
RC.BH19.016,894.0,rc,Shamkya,An1,498794.926,2144447.1,319.512,15.0,16.0,1.0,0.04,10.0,0.14,0.97,33.5,66.0,10.6,0.15,False
RC.BH19.017,895.0,rc,Shamkya,An1,498794.926,2144447.1,318.512,16.0,17.0,1.0,0.01,3.7,0.14,0.53,31.2,94.0,12.0,0.09,False
RC.BH19.018,896.0,rc,Shamkya,An1,498794.926,2144447.1,317.512,17.0,18.0,1.0,0.005,3.5,0.14,0.97,53.4,100.0,17.5,0.1,True
RC.BH19.019,897.0,rc,Shamkya,An1,498794.926,2144447.1,316.512,18.0,19.0,1.0,0.005,3.9,0.17,0.33,36.6,90.0,22.6,0.09,True
RC.BH19.020,898.0,rc,Shamkya,An1,498794.926,2144447.1,315.512,19.0,20.0,1.0,0.005,3.3,0.15,0.2,54.7,80.0,11.1,0.05,True
RC.BH19.021,899.0,rc,Shamkya,An1,498794.926,2144447.1,314.512,20.0,21.0,1.0,0.005,11.5,0.13,0.29,32.4,57.0,19.6,0.13,True
RC.BH19.022,900.0,rc,Shamkya,An1,498794.926,2144447.1,313.512,21.0,22.0,1.0,0.01,4.5,0.09,0.23,15.2,63.0,12.4,0.15,False
,901.0,rc,Shamkya,An1,498794.926,2144447.1,321.512,13.0,14.0,1.0,0.01,2.7,0.08,0.35,23.1,55.0,9.4,0.07,False
RC.BH19.023,902.0,rc,Shamkya,An1,498794.926,2144447.1,312.51,22.0,23.0,1.0,0.01,9.9,0.14,0.19,47.5,58.0,5.0,0.12,False
RC.BH19.024,903.0,rc,Shamkya,An1,498794.926,2144447.1,311.51,23.0,24.0,1.0,0.02,22.5,0.13,1.37,61.3,96.0,35.0,0.23,False
RC.BH19.025,904.0,rc,Shamkya,An1,498794.926,2144447.1,310.51,24.0,25.0,1.0,0.01,53.9,0.3,0.4,43.8,71.0,6.6,0.27,False
RC.BH19.026,905.0,rc,Shamkya,An1,498794.926,2144447.1,309.51,25.0,26.0,1.0,0.29,27.4,0.65,3.3,31.4,145.0,32.2,0.6,False
RC.BH19.027,906.0,rc,Shamkya,An1,498794.926,2144447.1,308.51,26.0,27.0,1.0,0.4,43.7,0.9,1.44,56.8,220.0,19.0,0.37,False
,907.0,rc,Shamkya,An1,498794.926,2144447.1,,,,,0.005,0.3,0.025,0.02,2.0,4.0,12.0,0.01,True
RC.BH19.028,908.0,rc,Shamkya,An1,498794.926,2144447.1,307.51,27.0,28.0,1.0,0.51,40.4,1.78,1.44,78.4,226.0,25.5,0.67,False
RC.BH19.029,909.0,rc,Shamkya,An1,498794.926,2144447.1,306.51,28.0,29.0,1.0,0.13,89.9,1.58,1.28,42.4,162.0,38.7,1.18,False
RC.BH19.030,910.0,rc,Shamkya,An1,498794.926,2144447.1,305.51,29.0,30.0,1.0,0.02,4.3,0.16,0.25,9.3,144.0,6.7,0.06,False
RC.BH19.031,911.0,rc,Shamkya,An1,498794.926,2144447.1,304.51,30.0,31.0,1.0,0.01,1.6,0.07,0.19,6.7,170.0,5.3,0.05,False
RC.BH19.032,912.0,rc,Shamkya,An1,498794.926,2144447.1,303.51,31.0,32.0,1.0,0.01,3.9,0.23,0.47,31.1,163.0,9.8,0.06,False
RC.BH19.033,913.0,rc,Shamkya,An1,498794.926,2144447.1,302.51,32.0,33.0,1.0,0.01,1.2,0.09,0.16,6.9,172.0,5.8,0.04,False
RC.BH19.034,914.0,rc,Shamkya,An1,498794.926,2144447.1,301.51,33.0,34.0,1.0,0.01,6.2,0.2,0.46,41.0,145.0,8.8,0.18,False
RC.BH19.035,915.0,rc,Shamkya,An1,498794.926,2144447.1,300.51,34.0,35.0,1.0,0.01,9.5,0.24,0.34,45.1,160.0,9.9,0.07,False
RC.BH19.036,916.0,rc,Shamkya,An1,498794.926,2144447.1,299.51,35.0,36.0,1.0,0.005,3.5,0.2,0.52,31.7,172.0,8.8,0.15,True
RC.BH19.037,917.0,rc,Shamkya,An1,498794.926,2144447.1,298.51,36.0,37.0,1.0,0.01,13.0,0.18,3.19,70.5,231.0,12.9,0.22,False
RC.BH19.038,918.0,rc,Shamkya,An1,498794.926,2144447.1,297.51,37.0,38.0,1.0,0.005,10.0,0.12,0.73,61.6,168.0,6.0,0.06,True
RC.BH19.039,919.0,rc,Shamkya,An1,498794.926,2144447.1,296.51,38.0,39.0,1.0,0.005,2.6,0.1,0.17,12.1,139.0,5.1,0.02,True
RC.BH19.040,920.0,rc,Shamkya,An1,498794.926,2144447.1,295.51,39.0,40.0,1.0,0.01,3.0,0.09,0.1,15.2,130.0,4.3,0.04,False
RC.BH19.041,921.0,rc,Shamkya,An1,498794.926,2144447.1,294.51,40.0,41.0,1.0,0.01,4.6,0.12,0.2,58.7,131.0,3.3,0.07,False
RC.BH19.042,922.0,rc,Shamkya,An1,498794.926,2144447.1,293.51,41.0,42.0,1.0,0.005,5.0,0.1,0.16,22.1,148.0,3.8,0.04,True
RC.BH19.043,923.0,rc,Shamkya,An1,498794.926,2144447.1,292.51,42.0,43.0,1.0,0.005,2.3,0.06,0.09,8.4,110.0,4.0,0.03,True
RC.BH19.044,924.0,rc,Shamkya,An1,498794.926,2144447.1,291.51,43.0,44.0,1.0,0.005,1.3,0.06,0.1,5.1,110.0,4.2,0.02,True
RC.BH19.045,925.0,rc,Shamkya,An1,498794.926,2144447.1,290.51,44.0,45.0,1.0,0.005,4.8,0.13,0.14,31.0,99.0,3.3,0.06,True
,926.0,rc,Shamkya,An1,498794.926,2144447.1,312.51,22.0,23.0,1.0,0.01,10.8,0.13,0.21,48.4,60.0,5.6,0.13,False
RC.BH19.046,927.0,rc,Shamkya,An1,498794.926,2144447.1,289.51,45.0,46.0,1.0,0.005,1.9,0.07,0.14,41.5,85.0,2.1,0.07,True
RC.BH19.047,928.0,rc,Shamkya,An1,498794.926,2144447.1,288.51,46.0,47.0,1.0,0.005,1.9,0.07,0.17,61.3,55.0,2.0,0.09,True
RC.BH19.048,929.0,rc,Shamkya,An1,498794.926,2144447.1,287.51,47.0,48.0,1.0,0.005,35.3,0.22,0.27,4.3,65.0,2.6,0.01,True
RC.BH19.049,930.0,rc,Shamkya,An1,498794.926,2144447.1,286.51,48.0,49.0,1.0,0.005,71.4,0.31,0.2,1.0,21.0,0.7,0.01,True
RC.BH19.050,931.0,rc,Shamkya,An1,498794.926,2144447.1,285.51,49.0,50.0,1.0,0.01,93.8,0.52,0.26,0.9,22.0,0.6,0.01,False
RC.BH19.051,932.0,rc,Shamkya,An1,498794.926,2144447.1,284.51,50.0,51.0,1.0,0.005,189.0,0.78,0.5,0.9,18.0,0.5,0.01,True
RC.BH19.052,933.0,rc,Shamkya,An1,498794.926,2144447.1,283.51,51.0,52.0,1.0,0.005,59.0,0.24,0.44,1.2,26.0,0.9,0.01,True
RC.BH19.053,934.0,rc,Shamkya,An1,498794.926,2144447.1,282.51,52.0,53.0,1.0,0.005,69.8,0.31,1.19,4.4,30.0,0.9,0.01,True
RC.BH19.054,935.0,rc,Shamkya,An1,498794.926,2144447.1,281.51,53.0,54.0,1.0,0.005,204.0,0.72,0.86,2.4,25.0,1.2,0.01,True
RC.BH19.055,936.0,rc,Shamkya,An1,498794.926,2144447.1,280.51,54.0,55.0,1.0,0.005,68.3,0.31,0.93,4.0,22.0,0.9,0.01,True
RC.BH19.056,937.0,rc,Shamkya,An1,498794.926,2144447.1,279.51,55.0,56.0,1.0,0.005,58.7,0.27,1.04,4.3,22.0,0.9,0.01,True
RC.BH19.057,938.0,rc,Shamkya,An1,498794.926,2144447.1,278.51,56.0,57.0,1.0,0.01,29.5,0.15,2.54,15.3,20.0,0.6,0.01,False
RC.BH19.058,939.0,rc,Shamkya,An1,498794.926,2144447.1,277.51,57.0,58.0,1.0,0.005,17.4,0.11,2.72,16.1,21.0,0.5,0.01,True
RC.BH19.059,940.0,rc,Shamkya,An1,498794.926,2144447.1,276.51,58.0,59.0,1.0,0.005,22.4,0.09,2.05,9.3,32.0,0.7,0.01,True
RC.BH19.060,941.0,rc,Shamkya,An1,498794.926,2144447.1,275.51,59.0,60.0,1.0,0.01,43.1,0.18,1.48,5.4,18.0,0.4,0.01,False
RC.BH19.061,942.0,rc,Shamkya,An1,498794.926,2144447.1,274.51,60.0,61.0,1.0,0.005,22.9,0.1,2.67,11.5,17.0,0.4,0.01,True
RC.BH19.062,943.0,rc,Shamkya,An1,498794.926,2144447.1,273.51,61.0,62.0,1.0,0.005,12.7,0.09,2.11,11.3,21.0,0.5,0.01,True
RC.BH19.063,944.0,rc,Shamkya,An1,498794.926,2144447.1,272.51,62.0,63.0,1.0,0.01,38.1,0.21,2.42,10.8,27.0,0.5,0.01,False
RC.BH19.064,945.0,rc,Shamkya,An1,498794.926,2144447.1,271.51,63.0,64.0,1.0,0.01,97.3,0.47,2.22,7.8,15.0,0.6,0.01,False
RC.BH19.065,946.0,rc,Shamkya,An1,498794.926,2144447.1,270.51,64.0,65.0,1.0,0.005,59.0,0.31,1.93,6.0,11.0,0.5,0.01,True
RC.BH19.066,947.0,rc,Shamkya,An1,498794.926,2144447.1,269.51,65.0,66.0,1.0,0.005,62.4,0.18,2.28,6.8,28.0,0.6,0.01,True
RC.BH19.067,948.0,rc,Shamkya,An1,498794.926,2144447.1,268.51,66.0,67.0,1.0,0.005,60.3,0.21,1.22,3.5,20.0,0.7,0.01,True
RC.BH19.068,949.0,rc,Shamkya,An1,498794.926,2144447.1,267.51,67.0,68.0,1.0,0.01,157.0,0.56,1.37,3.3,19.0,0.6,0.01,False
RC.BH19.069,950.0,rc,Shamkya,An1,498794.926,2144447.1,266.51,68.0,69.0,1.0,0.01,239.0,0.93,0.46,0.5,21.0,0.9,0.01,False
,951.0,rc,Shamkya,An1,498794.926,2144447.1,307.51,27.0,28.0,1.0,0.48,38.0,1.98,1.2,76.4,235.0,26.3,0.7,False
RC.BH19.070,952.0,rc,Shamkya,An1,498794.926,2144447.1,265.51,69.0,70.0,1.0,0.005,160.0,0.59,0.31,0.5,13.0,0.5,0.01,True
RC.BH19.071,953.0,rc,Shamkya,An1,498794.926,2144447.1,264.51,70.0,71.0,1.0,0.01,171.0,0.62,0.77,1.8,13.0,0.6,0.01,False
RC.BH19.072,954.0,rc,Shamkya,An1,498794.926,2144447.1,263.51,71.0,72.0,1.0,0.005,92.5,0.46,2.28,5.9,15.0,0.5,0.01,True
RC.BH19.073,955.0,rc,Shamkya,An1,498794.926,2144447.1,262.51,72.0,73.0,1.0,0.005,193.5,0.74,1.27,3.2,13.0,0.7,0.01,True
RC.BH19.074,956.0,rc,Shamkya,An1,498794.926,2144447.1,261.51,73.0,74.0,1.0,0.005,128.0,0.54,1.09,2.8,11.0,0.6,0.01,True
RC.BH19.075,957.0,rc,Shamkya,An1,498794.926,2144447.1,260.51,74.0,75.0,1.0,0.005,10.4,0.11,1.96,8.5,15.0,0.9,0.01,True
RC.BH19.076,958.0,rc,Shamkya,An1,498794.926,2144447.1,259.51,75.0,76.0,1.0,0.005,15.0,0.11,2.11,9.3,16.0,0.6,0.01,True
RC.BH19.077,959.0,rc,Shamkya,An1,498794.926,2144447.1,258.51,76.0,77.0,1.0,0.01,5.5,0.13,0.45,6.5,58.0,8.6,0.02,False
RC.BH19.078,960.0,rc,Shamkya,An1,498794.926,2144447.1,257.51,77.0,78.0,1.0,0.005,5.6,0.14,0.21,6.3,95.0,7.7,0.02,True
RC.BH19.079,961.0,rc,Shamkya,An1,498794.926,2144447.1,256.51,78.0,79.0,1.0,0.01,3.8,0.13,0.27,26.9,174.0,5.9,0.11,False
RC.BH19.080,962.0,rc,Shamkya,An1,498794.926,2144447.1,255.51,79.0,80.0,1.0,0.005,4.6,0.17,0.19,15.6,170.0,7.1,0.07,True
RC.BH19.081,963.0,rc,Shamkya,An1,498794.926,2144447.1,254.51,80.0,81.0,1.0,0.01,2.5,0.06,0.08,2.3,135.0,5.8,0.02,False
RC.BH19.082,964.0,rc,Shamkya,An1,498794.926,2144447.1,253.51,81.0,82.0,1.0,0.005,1.0,0.06,0.1,5.4,112.0,6.1,0.02,True
RC.BH19.083,965.0,rc,Shamkya,An1,498794.926,2144447.1,252.51,82.0,83.0,1.0,0.01,1.8,0.08,0.18,53.1,113.0,3.1,0.06,False
RC.BH20.017,966.0,rc,Shamkya,An1,498835.585,2144410.407,318.652,16.0,17.0,1.0,0.005,0.4,0.025,0.05,10.2,56.0,5.3,0.02,True
RC.BH20.018,967.0,rc,Shamkya,An1,498835.585,2144410.407,317.652,17.0,18.0,1.0,0.005,0.7,0.06,0.06,12.2,52.0,5.1,0.03,True
RC.BH20.019,968.0,rc,Shamkya,An1,498835.585,2144410.407,316.652,18.0,19.0,1.0,0.01,0.8,0.08,0.09,27.0,55.0,4.8,0.05,False
RC.BH20.020,969.0,rc,Shamkya,An1,498835.585,2144410.407,315.652,19.0,20.0,1.0,0.005,0.8,0.07,0.09,52.9,74.0,8.3,0.03,True
RC.BH20.021,970.0,rc,Shamkya,An1,498835.585,2144410.407,314.652,20.0,21.0,1.0,0.01,5.0,0.13,0.13,97.7,61.0,9.8,0.05,False
RC.BH20.022,971.0,rc,Shamkya,An1,498835.585,2144410.407,313.652,21.0,22.0,1.0,0.01,2.8,0.11,0.08,27.1,50.0,8.4,0.04,False
RC.BH20.023,972.0,rc,Shamkya,An1,498835.585,2144410.407,312.652,22.0,23.0,1.0,0.01,2.3,0.09,0.27,58.4,114.0,8.8,0.06,False
RC.BH20.024,973.0,rc,Shamkya,An1,498835.585,2144410.407,311.652,23.0,24.0,1.0,0.01,1.9,0.08,0.1,36.6,79.0,9.0,0.05,False
RC.BH20.025,974.0,rc,Shamkya,An1,498835.585,2144410.407,310.652,24.0,25.0,1.0,0.01,13.7,0.12,0.16,17.6,60.0,9.4,0.07,False
RC.BH20.026,975.0,rc,Shamkya,An1,498835.585,2144410.407,309.652,25.0,26.0,1.0,0.08,44.5,0.18,0.61,16.4,37.0,8.2,0.1,False
,976.0,rc,Shamkya,An1,498835.585,2144410.407,299.652,35.0,36.0,1.0,0.67,40.1,0.21,1.04,78.5,259.0,26.7,0.68,False
RC.BH20.027,977.0,rc,Shamkya,An1,498835.585,2144410.407,308.652,26.0,27.0,1.0,0.01,1.0,0.06,0.12,41.6,77.0,7.4,0.05,False
RC.BH20.028,978.0,rc,Shamkya,An1,498835.585,2144410.407,307.652,27.0,28.0,1.0,0.01,0.6,0.08,0.13,80.1,63.0,4.5,0.08,False
RC.BH20.029,979.0,rc,Shamkya,An1,498835.585,2144410.407,306.652,28.0,29.0,1.0,0.01,0.4,0.05,0.06,19.0,66.0,6.5,0.03,False
RC.BH20.030,980.0,rc,Shamkya,An1,498835.585,2144410.407,305.652,29.0,30.0,1.0,0.01,0.5,0.07,0.11,29.2,117.0,9.0,0.04,False
RC.BH20.031,981.0,rc,Shamkya,An1,498835.585,2144410.407,304.652,30.0,31.0,1.0,0.01,0.7,0.12,0.13,10.1,52.0,8.5,0.04,False
RC.BH20.032,982.0,rc,Shamkya,An1,498835.585,2144410.407,303.652,31.0,32.0,1.0,0.01,1.2,0.08,0.12,11.4,39.0,11.5,0.05,False
RC.BH20.033,983.0,rc,Shamkya,An1,498835.585,2144410.407,302.652,32.0,33.0,1.0,0.05,3.0,0.09,0.17,16.2,92.0,34.1,0.11,False
RC.BH20.034,984.0,rc,Shamkya,An1,498835.585,2144410.407,301.652,33.0,34.0,1.0,0.02,3.6,0.12,0.16,20.1,49.0,13.9,0.25,False
RC.BH20.035,985.0,rc,Shamkya,An1,498835.585,2144410.407,300.652,34.0,35.0,1.0,5.93,36.1,0.26,59.6,421.0,121.0,207.0,10.8,False
RC.BH20.036,986.0,rc,Shamkya,An1,498835.585,2144410.407,299.652,35.0,36.0,1.0,0.82,43.6,0.2,1.17,75.8,259.0,33.2,0.8,False
,987.0,rc,Shamkya,An1,,,,,,,0.01,0.3,0.025,0.03,2.4,9.0,11.6,0.02,True
RC.BH20.037,988.0,rc,Shamkya,An1,498835.585,2144410.407,298.652,36.0,37.0,1.0,0.1,32.9,0.21,0.69,85.6,94.0,11.0,0.22,False
RC.BH20.038,989.0,rc,Shamkya,An1,498835.585,2144410.407,297.652,37.0,38.0,1.0,0.01,3.3,0.08,1.21,37.8,106.0,26.1,0.26,False
RC.BH20.039,990.0,rc,Shamkya,An1,498835.585,2144410.407,296.652,38.0,39.0,1.0,0.01,9.8,0.09,0.49,12.9,94.0,20.2,0.27,False
RC.BH20.040,991.0,rc,Shamkya,An1,498835.585,2144410.407,295.652,39.0,40.0,1.0,0.01,9.9,0.13,0.32,51.6,66.0,10.3,0.23,False
RC.BH20.041,992.0,rc,Shamkya,An1,498835.585,2144410.407,294.652,40.0,41.0,1.0,0.005,11.5,0.15,0.28,21.3,94.0,14.0,0.14,True
RC.BH20.042,993.0,rc,Shamkya,An1,498835.585,2144410.407,293.652,41.0,42.0,1.0,0.01,6.3,0.13,0.27,56.1,124.0,9.9,0.22,False
RC.BH20.043,994.0,rc,Shamkya,An1,498835.585,2144410.407,292.652,42.0,43.0,1.0,0.005,11.8,0.18,0.23,56.8,90.0,10.6,0.18,True
RC.BH20.044,995.0,rc,Shamkya,An1,498835.585,2144410.407,291.652,43.0,44.0,1.0,0.01,6.8,0.12,0.2,24.0,75.0,11.3,0.12,False
RC.BH20.045,996.0,rc,Shamkya,An1,498835.585,2144410.407,290.652,44.0,45.0,1.0,0.005,2.2,0.1,0.35,11.4,103.0,13.4,0.11,True
RC.BH20.046,997.0,rc,Shamkya,An1,498835.585,2144410.407,289.652,45.0,46.0,1.0,0.005,4.5,0.13,0.43,12.5,93.0,16.2,0.13,True
RC.BH20.047,998.0,rc,Shamkya,An1,498835.585,2144410.407,288.652,46.0,47.0,1.0,0.005,7.8,0.18,1.15,14.2,131.0,21.6,0.25,True
RC.BH20.048,999.0,rc,Shamkya,An1,498835.585,2144410.407,287.652,47.0,48.0,1.0,0.005,3.0,0.16,5.56,16.1,95.0,28.3,0.51,True
RC.BH20.049,1000.0,rc,Shamkya,An1,498835.585,2144410.407,286.652,48.0,49.0,1.0,0.005,4.7,0.21,0.91,36.2,154.0,18.9,0.24,True
,1001.0,rc,Shamkya,An1,498835.585,2144410.407,295.652,39.0,40.0,1.0,0.01,9.3,0.12,0.53,60.7,71.0,12.4,0.41,False
RC.BH20.050,1002.0,rc,Shamkya,An1,498835.585,2144410.407,285.652,49.0,50.0,1.0,0.005,2.2,0.1,0.25,42.9,110.0,6.9,0.11,True
RC.BH20.051,1003.0,rc,Shamkya,An1,498835.585,2144410.407,284.652,50.0,51.0,1.0,0.01,4.7,0.18,0.22,48.7,77.0,5.8,0.14,False
RC.BH20.052,1004.0,rc,Shamkya,An1,498835.585,2144410.407,283.652,51.0,52.0,1.0,0.005,1.7,0.08,0.19,55.9,95.0,6.1,0.09,True
RC.BH20.053,1005.0,rc,Shamkya,An1,498835.585,2144410.407,282.652,52.0,53.0,1.0,0.005,4.1,0.16,0.31,73.1,127.0,6.6,0.14,True
RC.BH20.054,1006.0,rc,Shamkya,An1,498835.585,2144410.407,281.652,53.0,54.0,1.0,0.06,8.7,0.18,2.03,10.0,116.0,29.7,0.36,False
RC.BH20.055,1007.0,rc,Shamkya,An1,498835.585,2144410.407,280.652,54.0,55.0,1.0,0.005,9.6,0.26,1.21,25.3,98.0,12.2,0.21,True
,1008.0,rc,Shamkya,An1,,,,,,,0.005,0.2,0.025,0.02,2.2,5.0,12.6,0.01,True
RC.BH20.056,1009.0,rc,Shamkya,An1,498835.585,2144410.407,279.652,55.0,56.0,1.0,0.005,29.0,0.29,0.45,23.6,97.0,7.6,0.13,True
RC.BH20.057,1010.0,rc,Shamkya,An1,498835.585,2144410.407,278.652,56.0,57.0,1.0,0.01,40.1,0.36,0.74,132.0,72.0,6.6,0.24,False
RC.BH20.058,1011.0,rc,Shamkya,An1,498835.585,2144410.407,277.652,57.0,58.0,1.0,0.01,93.6,0.52,0.35,54.0,73.0,7.8,0.16,False
RC.BH20.059,1012.0,rc,Shamkya,An1,498835.585,2144410.407,276.652,58.0,59.0,1.0,0.005,18.7,0.31,0.45,69.8,159.0,6.2,0.17,True
RC.BH20.060,1013.0,rc,Shamkya,An1,498835.585,2144410.407,275.652,59.0,60.0,1.0,0.005,4.9,0.12,0.5,43.6,133.0,13.7,0.12,True
RC.BH20.061,1014.0,rc,Shamkya,An1,498835.585,2144410.407,274.652,60.0,61.0,1.0,0.005,2.5,0.13,0.25,20.6,158.0,5.2,0.06,True
RC.BH20.062,1015.0,rc,Shamkya,An1,498835.585,2144410.407,273.652,61.0,62.0,1.0,0.01,1.1,0.08,0.38,12.3,167.0,4.6,0.06,False
RC.BH20.063,1016.0,rc,Shamkya,An1,498835.585,2144410.407,272.652,62.0,63.0,1.0,0.01,1.8,0.15,1.2,10.2,155.0,6.6,0.07,False
RC.BH20.064,1017.0,rc,Shamkya,An1,498835.585,2144410.407,271.652,63.0,64.0,1.0,0.01,6.3,0.34,0.4,38.5,167.0,7.6,0.25,False
RC.BH20.065,1018.0,rc,Shamkya,An1,498835.585,2144410.407,270.652,64.0,65.0,1.0,0.005,1.3,0.12,0.12,9.8,156.0,3.9,0.05,True
RC.BH20.066,1019.0,rc,Shamkya,An1,498835.585,2144410.407,269.652,65.0,66.0,1.0,0.005,2.2,0.19,0.35,107.0,218.0,6.2,0.15,True
RC.BH20.067,1020.0,rc,Shamkya,An1,498835.585,2144410.407,268.652,66.0,67.0,1.0,0.005,12.1,0.33,0.22,30.8,133.0,7.3,0.17,True
RC.BH20.068,1021.0,rc,Shamkya,An1,498835.585,2144410.407,267.652,67.0,68.0,1.0,0.01,52.5,0.63,0.27,76.8,182.0,11.0,0.38,False
RC.BH20.069,1022.0,rc,Shamkya,An1,498835.585,2144410.407,266.652,68.0,69.0,1.0,0.005,15.1,0.23,0.05,49.9,78.0,1.6,0.07,True
RC.BH20.070,1023.0,rc,Shamkya,An1,498835.585,2144410.407,265.652,69.0,70.0,1.0,0.005,5.5,0.08,0.04,53.8,59.0,0.4,0.06,True
RC.BH20.071,1024.0,rc,Shamkya,An1,498835.585,2144410.407,264.652,70.0,71.0,1.0,0.005,3.6,0.15,0.17,121.5,259.0,2.2,0.22,True
RC.BH20.072,1025.0,rc,Shamkya,An1,498835.585,2144410.407,263.652,71.0,72.0,1.0,0.005,4.4,0.14,0.14,97.9,112.0,1.3,0.15,True
,1026.0,rc,Shamkya,An1,498835.585,2144410.407,280.652,54.0,55.0,1.0,0.01,9.1,0.28,1.22,24.2,101.0,12.1,0.25,False
RC.BH20.073,1027.0,rc,Shamkya,An1,498835.585,2144410.407,262.652,72.0,73.0,1.0,0.005,7.9,0.09,0.1,55.7,64.0,1.2,0.12,True
RC.BH20.074,1028.0,rc,Shamkya,An1,498835.585,2144410.407,261.652,73.0,74.0,1.0,0.005,3.7,0.1,0.06,51.6,72.0,1.5,0.11,True
RC.BH20.075,1029.0,rc,Shamkya,An1,498835.585,2144410.407,260.652,74.0,75.0,1.0,0.005,3.1,0.09,0.11,39.8,98.0,2.4,0.08,True
RC.BH20.076,1030.0,rc,Shamkya,An1,498835.585,2144410.407,259.652,75.0,76.0,1.0,0.005,3.3,0.13,1.35,61.0,153.0,6.7,0.15,True
RC.BH20.077,1031.0,rc,Shamkya,An1,498835.585,2144410.407,258.652,76.0,77.0,1.0,0.005,6.2,0.19,0.39,106.0,106.0,9.8,0.21,True
RC.BH20.078,1032.0,rc,Shamkya,An1,498835.585,2144410.407,257.652,77.0,78.0,1.0,0.005,3.9,0.11,0.23,20.2,141.0,5.1,0.07,True
RC.BH20.079,1033.0,rc,Shamkya,An1,498835.585,2144410.407,256.652,78.0,79.0,1.0,0.005,6.0,0.26,0.14,10.6,114.0,5.7,0.1,True
RC.BH20.080,1034.0,rc,Shamkya,An1,498835.585,2144410.407,255.652,79.0,80.0,1.0,0.005,5.3,0.22,0.15,33.1,81.0,5.7,0.12,True
RC.BH20.081,1035.0,rc,Shamkya,An1,498835.585,2144410.407,254.652,80.0,81.0,1.0,0.005,3.2,0.2,0.07,6.7,87.0,4.7,0.04,True
RC.BH20.082,1036.0,rc,Shamkya,An1,498835.585,2144410.407,253.652,81.0,82.0,1.0,0.005,0.5,0.06,0.07,4.4,78.0,4.4,0.02,True
RC.BH20.083,1037.0,rc,Shamkya,An1,498835.585,2144410.407,252.652,82.0,83.0,1.0,0.005,0.8,0.07,0.06,5.8,98.0,4.1,0.03,True
RC.BH20.084,1038.0,rc,Shamkya,An1,498835.585,2144410.407,251.652,83.0,84.0,1.0,0.005,0.7,0.07,0.1,5.1,116.0,4.3,0.03,True
RC.BH20.085,1039.0,rc,Shamkya,An1,498835.585,2144410.407,250.652,84.0,85.0,1.0,0.005,0.7,0.07,0.09,7.6,78.0,5.0,0.03,True
RC.BH20.086,1040.0,rc,Shamkya,An1,498835.585,2144410.407,249.652,85.0,86.0,1.0,0.01,2.2,0.12,0.1,12.7,45.0,9.6,0.05,False
RC.BH20.087,1041.0,rc,Shamkya,An1,498835.585,2144410.407,248.652,86.0,87.0,1.0,0.005,1.7,0.13,0.07,7.1,59.0,11.6,0.04,True
RC.BH20.088,1042.0,rc,Shamkya,An1,498835.585,2144410.407,247.652,87.0,88.0,1.0,0.005,1.9,0.18,0.1,12.2,41.0,8.4,0.04,True
RC.BH20.089,1043.0,rc,Shamkya,An1,498835.585,2144410.407,246.652,88.0,89.0,1.0,0.005,0.9,0.11,0.1,6.2,68.0,4.5,0.03,True
RC.BH20.090,1044.0,rc,Shamkya,An1,498835.585,2144410.407,245.652,89.0,90.0,1.0,0.005,1.4,0.09,0.07,10.0,67.0,5.2,0.03,True
RC.BH20.091,1045.0,rc,Shamkya,An1,498835.585,2144410.407,244.652,90.0,91.0,1.0,0.005,2.4,0.17,0.05,9.5,80.0,4.3,0.06,True
RC.BH20.092,1046.0,rc,Shamkya,An1,498835.585,2144410.407,243.652,91.0,92.0,1.0,0.005,1.1,0.08,0.07,9.8,74.0,3.8,0.03,True
RC.BH21.008,1047.0,rc,Shamkya,An1,498848.164,2144441.389,325.248,9.0,10.0,1.0,0.005,1.1,0.06,0.24,56.9,108.0,10.4,0.04,True
RC.BH21.009,1048.0,rc,Shamkya,An1,498848.164,2144441.389,324.248,10.0,11.0,1.0,0.005,1.6,0.17,0.39,17.4,87.0,6.4,0.03,True
RC.BH21.010,1049.0,rc,Shamkya,An1,498848.164,2144441.389,323.248,11.0,12.0,1.0,0.005,2.0,0.08,0.17,51.3,66.0,8.4,0.07,True
RC.BH21.011,1050.0,rc,Shamkya,An1,498848.164,2144441.389,322.248,12.0,13.0,1.0,0.005,1.9,0.08,0.12,34.8,55.0,11.3,0.07,True
,1051.0,rc,Shamkya,An1,,,,,,,0.8,34.5,0.34,5.37,639.0,163.0,72.1,1.35,False
RC.BH21.012,1052.0,rc,Shamkya,An1,498848.164,2144441.389,321.248,13.0,14.0,1.0,0.005,11.6,0.54,0.3,36.9,54.0,10.5,0.12,True
RC.BH21.013,1053.0,rc,Shamkya,An1,498848.164,2144441.389,320.248,14.0,15.0,1.0,0.005,4.1,0.24,0.1,14.7,75.0,9.9,0.14,True
RC.BH21.014,1054.0,rc,Shamkya,An1,498848.164,2144441.389,319.248,15.0,16.0,1.0,0.01,4.2,0.29,0.63,42.0,154.0,18.4,0.08,False
RC.BH21.015,1055.0,rc,Shamkya,An1,498848.164,2144441.389,318.248,16.0,17.0,1.0,0.005,3.8,0.14,0.78,33.4,108.0,13.8,0.09,True
RC.BH21.016,1056.0,rc,Shamkya,An1,498848.164,2144441.389,317.248,17.0,18.0,1.0,0.005,4.3,0.21,0.9,28.1,32.0,6.9,0.08,True
RC.BH21.017,1057.0,rc,Shamkya,An1,498848.164,2144441.389,316.248,18.0,19.0,1.0,0.005,2.2,0.2,2.56,30.7,47.0,8.6,0.14,True
RC.BH21.018,1058.0,rc,Shamkya,An1,498848.164,2144441.389,315.248,19.0,20.0,1.0,0.005,3.0,0.25,1.52,33.6,181.0,9.6,0.19,True
RC.BH21.019,1059.0,rc,Shamkya,An1,498848.164,2144441.389,314.248,20.0,21.0,1.0,0.01,6.2,0.23,1.92,72.5,107.0,10.2,0.17,False
RC.BH21.020,1060.0,rc,Shamkya,An1,498848.164,2144441.389,313.248,21.0,22.0,1.0,1.8,22.3,0.38,35.6,992.0,55.0,165.5,4.65,False
RC.BH21.021,1061.0,rc,Shamkya,An1,498848.164,2144441.389,312.248,22.0,23.0,1.0,0.48,33.4,0.33,4.56,655.0,165.0,67.9,0.74,False
,1062.0,rc,Shamkya,An1,,,,,,,0.005,0.4,0.025,0.06,7.0,7.0,15.7,0.02,True
RC.BH21.022,1063.0,rc,Shamkya,An1,498848.164,2144441.389,311.248,23.0,24.0,1.0,0.07,6.2,0.13,0.55,52.9,121.0,66.7,0.24,False
RC.BH21.023,1064.0,rc,Shamkya,An1,498848.164,2144441.389,310.248,24.0,25.0,1.0,0.01,26.8,0.21,0.45,21.3,104.0,33.7,0.32,False
RC.BH21.024,1065.0,rc,Shamkya,An1,498848.164,2144441.389,309.248,25.0,26.0,1.0,0.49,11.7,0.13,2.43,39.2,232.0,159.0,1.19,False
RC.BH21.025,1066.0,rc,Shamkya,An1,498848.164,2144441.389,308.248,26.0,27.0,1.0,0.04,20.2,0.22,3.33,72.8,301.0,243.0,1.89,False
RC.BH21.026,1067.0,rc,Shamkya,An1,498848.164,2144441.389,307.248,27.0,28.0,1.0,0.01,40.4,0.44,0.36,103.0,92.0,5.8,0.58,False
RC.BH21.027,1068.0,rc,Shamkya,An1,498848.164,2144441.389,306.248,28.0,29.0,1.0,0.01,15.9,0.3,0.19,66.3,84.0,8.0,0.44,False
RC.BH21.028,1069.0,rc,Shamkya,An1,498848.164,2144441.389,305.248,29.0,30.0,1.0,0.06,16.9,0.12,3.08,25.1,46.0,22.6,0.49,False
RC.BH21.029,1070.0,rc,Shamkya,An1,498848.164,2144441.389,304.248,30.0,31.0,1.0,0.57,14.2,0.16,1.7,46.0,50.0,18.7,0.91,False
RC.BH21.030,1071.0,rc,Shamkya,An1,498848.164,2144441.389,303.248,31.0,32.0,1.0,3.27,27.0,0.27,5.47,352.0,478.0,115.5,1.87,False
RC.BH21.031,1072.0,rc,Shamkya,An1,498848.164,2144441.389,302.248,32.0,33.0,1.0,0.08,2.0,0.11,0.39,52.8,157.0,6.7,0.08,False
RC.BH21.032,1073.0,rc,Shamkya,An1,498848.164,2144441.389,301.248,33.0,34.0,1.0,0.01,0.7,0.09,0.19,16.9,141.0,4.5,0.05,False
RC.BH21.033,1074.0,rc,Shamkya,An1,498848.164,2144441.389,300.248,34.0,35.0,1.0,0.005,1.5,0.13,0.2,19.2,245.0,4.2,0.03,True
RC.BH21.034,1075.0,rc,Shamkya,An1,498848.164,2144441.389,299.248,35.0,36.0,1.0,0.005,2.1,0.09,0.3,22.8,143.0,4.2,0.09,True
,1076.0,rc,Shamkya,An1,,,,,,,0.07,51.2,0.23,0.27,37.0,207.0,6.2,0.13,False
RC.BH21.035,1077.0,rc,Shamkya,An1,498848.164,2144441.389,298.248,36.0,37.0,1.0,0.005,1.7,0.08,0.56,64.7,148.0,5.2,0.09,True
RC.BH21.036,1078.0,rc,Shamkya,An1,498848.164,2144441.389,297.248,37.0,38.0,1.0,0.005,1.6,0.07,0.84,17.2,162.0,7.2,0.1,True
RC.BH21.037,1079.0,rc,Shamkya,An1,498848.164,2144441.389,296.248,38.0,39.0,1.0,0.01,3.4,0.11,1.1,63.1,469.0,10.3,0.19,False
RC.BH21.038,1080.0,rc,Shamkya,An1,498848.164,2144441.389,295.248,39.0,40.0,1.0,0.02,7.3,0.42,2.0,136.5,265.0,160.5,0.56,False
RC.BH21.039,1081.0,rc,Shamkya,An1,498848.164,2144441.389,294.248,40.0,41.0,1.0,0.01,20.1,0.36,0.68,120.0,392.0,15.0,0.21,False
RC.BH21.040,1082.0,rc,Shamkya,An1,498848.164,2144441.389,293.248,41.0,42.0,1.0,0.01,50.2,0.49,0.3,48.2,151.0,11.2,0.19,False
RC.BH21.041,1083.0,rc,Shamkya,An1,498848.164,2144441.389,292.248,42.0,43.0,1.0,0.03,53.5,0.24,0.28,39.0,212.0,6.3,0.09,False
,1084.0,rc,Shamkya,An1,,,,,,,0.01,0.3,0.025,0.02,2.3,6.0,13.8,0.04,True
RC.BH21.042,1085.0,rc,Shamkya,An1,498848.164,2144441.389,291.248,43.0,44.0,1.0,0.005,3.0,0.21,0.19,19.5,198.0,6.2,0.06,True
RC.BH21.043,1086.0,rc,Shamkya,An1,498848.164,2144441.389,290.248,44.0,45.0,1.0,0.01,7.7,0.23,1.33,66.0,242.0,9.4,0.15,False
RC.BH21.044,1087.0,rc,Shamkya,An1,498848.164,2144441.389,289.248,45.0,46.0,1.0,0.005,5.3,0.1,0.19,37.3,186.0,2.5,0.09,True
RC.BH21.045,1088.0,rc,Shamkya,An1,498848.164,2144441.389,288.248,46.0,47.0,1.0,0.005,2.4,0.07,0.04,24.8,64.0,1.7,0.03,True
RC.BH21.046,1089.0,rc,Shamkya,An1,498848.164,2144441.389,287.248,47.0,48.0,1.0,0.005,2.0,0.08,0.1,24.4,135.0,3.5,0.05,True
RC.BH21.047,1090.0,rc,Shamkya,An1,498848.164,2144441.389,286.248,48.0,49.0,1.0,0.005,4.8,0.09,0.05,94.7,38.0,0.7,0.08,True
RC.BH21.048,1091.0,rc,Shamkya,An1,498848.164,2144441.389,285.248,49.0,50.0,1.0,0.005,11.5,0.08,0.07,105.0,37.0,0.8,0.14,True
RC.BH21.049,1092.0,rc,Shamkya,An1,498848.164,2144441.389,284.248,50.0,51.0,1.0,0.005,2.6,0.1,0.03,84.5,34.0,0.5,0.08,True
RC.BH21.050,1093.0,rc,Shamkya,An1,498848.164,2144441.389,283.248,51.0,52.0,1.0,0.005,1.9,0.09,0.03,70.7,41.0,0.5,0.07,True
RC.BH21.051,1094.0,rc,Shamkya,An1,498848.164,2144441.389,282.248,52.0,53.0,1.0,0.005,4.5,0.07,0.05,39.7,42.0,1.0,0.06,True
RC.BH21.052,1095.0,rc,Shamkya,An1,498848.164,2144441.389,281.248,53.0,54.0,1.0,0.005,3.2,0.08,0.09,59.6,70.0,2.2,0.12,True
RC.BH21.053,1096.0,rc,Shamkya,An1,498848.164,2144441.389,280.248,54.0,55.0,1.0,0.005,1.4,0.05,0.05,20.2,120.0,2.2,0.05,True
RC.BH21.054,1097.0,rc,Shamkya,An1,498848.164,2144441.389,279.248,55.0,56.0,1.0,0.005,1.9,0.1,0.1,33.3,180.0,4.4,0.1,True
RC.BH22.010,1100.0,rc,Shamkya,An1,498900.142,2144435.579,323.058,11.0,12.0,1.0,0.005,1.7,0.07,0.13,77.2,117.0,9.1,0.05,True
,1101.0,rc,Shamkya,An1,,,,,,,0.31,21.0,0.33,5.19,67.4,195.0,126.5,0.75,False
RC.BH22.011,1102.0,rc,Shamkya,An1,498900.142,2144435.579,322.058,12.0,13.0,1.0,0.005,1.4,0.12,0.78,34.8,124.0,27.4,0.14,True
RC.BH22.012,1103.0,rc,Shamkya,An1,498900.142,2144435.579,321.058,13.0,14.0,1.0,0.005,18.3,0.21,0.18,22.5,60.0,8.4,0.04,True
RC.BH22.013,1104.0,rc,Shamkya,An1,498900.142,2144435.579,320.058,14.0,15.0,1.0,0.01,3.3,0.06,0.13,18.6,66.0,8.8,0.06,False
RC.BH22.014,1105.0,rc,Shamkya,An1,498900.142,2144435.579,319.058,15.0,16.0,1.0,0.005,1.1,0.06,0.13,10.8,44.0,6.6,0.06,True
RC.BH22.015,1106.0,rc,Shamkya,An1,498900.142,2144435.579,318.058,16.0,17.0,1.0,0.005,4.2,0.08,0.42,29.6,82.0,9.6,0.06,True
RC.BH22.016,1107.0,rc,Shamkya,An1,498900.142,2144435.579,317.058,17.0,18.0,1.0,0.01,6.9,0.19,0.3,40.5,31.0,6.6,0.11,False
RC.BH22.017,1108.0,rc,Shamkya,An1,498900.142,2144435.579,316.058,18.0,19.0,1.0,0.005,1.6,0.07,0.35,42.8,22.0,7.0,0.11,True
RC.BH22.018,1109.0,rc,Shamkya,An1,498900.142,2144435.579,315.058,19.0,20.0,1.0,0.005,1.0,0.09,0.15,18.2,53.0,6.7,0.1,True
RC.BH22.019,1110.0,rc,Shamkya,An1,498900.142,2144435.579,314.058,20.0,21.0,1.0,0.005,1.7,0.11,0.23,24.4,49.0,7.5,0.06,True
RC.BH22.020,1111.0,rc,Shamkya,An1,498900.142,2144435.579,313.058,21.0,22.0,1.0,0.01,1.7,0.12,0.24,21.5,57.0,6.8,0.06,False
RC.BH22.021,1112.0,rc,Shamkya,An1,498900.142,2144435.579,312.058,22.0,23.0,1.0,0.005,1.0,0.09,0.16,25.0,46.0,5.9,0.06,True
RC.BH22.022,1113.0,rc,Shamkya,An1,498900.142,2144435.579,311.058,23.0,24.0,1.0,0.005,1.3,0.09,0.2,55.1,76.0,5.3,0.08,True
RC.BH22.023,1114.0,rc,Shamkya,An1,498900.142,2144435.579,310.058,24.0,25.0,1.0,0.005,1.2,0.08,0.38,145.5,99.0,4.4,0.27,True
RC.BH22.024,1115.0,rc,Shamkya,An1,498900.142,2144435.579,309.058,25.0,26.0,1.0,0.005,10.9,0.31,0.5,77.3,86.0,11.4,0.16,True
RC.BH22.025,1116.0,rc,Shamkya,An1,498900.142,2144435.579,308.058,26.0,27.0,1.0,0.08,35.4,0.36,3.23,115.0,52.0,24.4,0.32,False
RC.BH22.026,1117.0,rc,Shamkya,An1,498900.142,2144435.579,307.058,27.0,28.0,1.0,0.02,16.2,0.25,1.02,51.2,28.0,15.9,0.19,False
RC.BH22.027,1118.0,rc,Shamkya,An1,498900.142,2144435.579,306.058,28.0,29.0,1.0,0.005,15.3,0.18,1.59,43.7,52.0,9.8,0.09,True
RC.BH22.028,1119.0,rc,Shamkya,An1,498900.142,2144435.579,305.058,29.0,30.0,1.0,0.005,7.0,0.19,0.39,36.1,46.0,8.8,0.1,True
RC.BH22.029,1120.0,rc,Shamkya,An1,498900.142,2144435.579,304.058,30.0,31.0,1.0,0.005,6.7,0.16,0.4,43.6,31.0,7.6,0.1,True
RC.BH22.030,1121.0,rc,Shamkya,An1,498900.142,2144435.579,303.058,31.0,32.0,1.0,0.005,9.1,0.21,0.44,64.9,62.0,11.9,0.12,True
RC.BH22.031,1122.0,rc,Shamkya,An1,498900.142,2144435.579,302.058,32.0,33.0,1.0,0.005,6.4,0.13,0.37,36.7,39.0,7.5,0.1,True
RC.BH22.032,1123.0,rc,Shamkya,An1,498900.142,2144435.579,301.058,33.0,34.0,1.0,0.005,5.9,0.19,0.27,35.3,69.0,10.2,0.1,True
RC.BH22.033,1124.0,rc,Shamkya,An1,498900.142,2144435.579,300.058,34.0,35.0,1.0,0.02,12.4,0.2,0.49,30.6,61.0,11.9,0.24,False
RC.BH22.034,1125.0,rc,Shamkya,An1,498900.142,2144435.579,299.058,35.0,36.0,1.0,0.2,22.3,0.37,8.46,70.8,192.0,133.5,0.86,False
,1126.0,rc,Shamkya,An1,,,,,,,0.01,5.3,0.19,1.25,11.9,169.0,14.0,0.07,False
RC.BH22.035,1127.0,rc,Shamkya,An1,498900.142,2144435.579,298.058,36.0,37.0,1.0,0.11,39.3,0.61,2.11,73.6,64.0,13.1,0.48,False
RC.BH22.036,1128.0,rc,Shamkya,An1,498900.142,2144435.579,297.058,37.0,38.0,1.0,0.05,51.8,1.01,0.83,54.3,66.0,9.3,0.41,False
RC.BH22.037,1129.0,rc,Shamkya,An1,498900.142,2144435.579,296.058,38.0,39.0,1.0,0.005,11.0,0.25,0.32,100.0,163.0,4.9,0.21,True
RC.BH22.038,1130.0,rc,Shamkya,An1,498900.142,2144435.579,295.058,39.0,40.0,1.0,0.005,0.7,0.07,0.12,96.4,119.0,2.7,0.05,True
RC.BH22.039,1131.0,rc,Shamkya,An1,498900.142,2144435.579,294.058,40.0,41.0,1.0,0.005,2.6,0.1,0.33,56.9,139.0,6.1,0.08,True
RC.BH22.040,1132.0,rc,Shamkya,An1,498900.142,2144435.579,293.058,41.0,42.0,1.0,0.005,1.4,0.13,0.34,9.5,179.0,6.5,0.08,True
RC.BH22.041,1133.0,rc,Shamkya,An1,498900.142,2144435.579,292.058,42.0,43.0,1.0,0.005,5.3,0.18,1.64,11.9,173.0,13.6,0.07,True
,1134.0,rc,Shamkya,An1,,,,,,,0.005,0.3,0.025,0.02,2.3,5.0,12.8,0.03,True
RC.BH22.042,1135.0,rc,Shamkya,An1,498900.142,2144435.579,291.058,43.0,44.0,1.0,0.01,45.7,0.7,0.83,49.7,191.0,35.2,0.19,False
RC.BH22.043,1136.0,rc,Shamkya,An1,498900.142,2144435.579,290.058,44.0,45.0,1.0,0.01,24.5,0.25,0.5,100.5,441.0,18.3,0.14,False
RC.BH22.044,1137.0,rc,Shamkya,An1,498900.142,2144435.579,289.058,45.0,46.0,1.0,0.01,8.4,0.28,0.44,57.7,321.0,8.8,0.09,False
RC.BH22.045,1138.0,rc,Shamkya,An1,498900.142,2144435.579,288.058,46.0,47.0,1.0,0.005,5.9,0.28,0.23,16.3,196.0,7.8,0.06,True
RC.BH22.046,1139.0,rc,Shamkya,An1,498900.142,2144435.579,287.058,47.0,48.0,1.0,0.005,1.2,0.12,2.1,9.8,163.0,5.3,0.05,True
RC.BH22.047,1140.0,rc,Shamkya,An1,498900.142,2144435.579,286.058,48.0,49.0,1.0,0.005,1.9,0.21,0.42,10.9,145.0,6.1,0.08,True
RC.BH22.048,1141.0,rc,Shamkya,An1,498900.142,2144435.579,285.058,49.0,50.0,1.0,0.005,1.1,0.12,0.22,7.0,167.0,6.1,0.05,True
RC.BH22.049,1142.0,rc,Shamkya,An1,498900.142,2144435.579,284.058,50.0,51.0,1.0,0.005,2.9,0.18,0.17,18.5,180.0,8.5,0.05,True
RC.BH22.050,1143.0,rc,Shamkya,An1,498900.142,2144435.579,283.058,51.0,52.0,1.0,0.005,18.1,0.46,0.18,93.2,191.0,7.5,0.09,True
RC.BH22.051,1144.0,rc,Shamkya,An1,498900.142,2144435.579,282.058,52.0,53.0,1.0,0.01,29.5,0.39,0.36,54.4,180.0,46.2,0.16,False
RC.BH22.052,1145.0,rc,Shamkya,An1,498900.142,2144435.579,281.058,53.0,54.0,1.0,0.01,66.5,0.81,0.41,31.7,141.0,30.7,0.17,False
RC.BH22.053,1146.0,rc,Shamkya,An1,498900.142,2144435.579,280.058,54.0,55.0,1.0,0.01,48.6,0.51,0.45,68.1,245.0,24.2,0.23,False
RC.BH22.054,1147.0,rc,Shamkya,An1,498900.142,2144435.579,279.058,55.0,56.0,1.0,0.01,74.2,1.36,0.55,51.7,156.0,29.2,0.28,False
RC.BH22.055,1148.0,rc,Shamkya,An1,498900.142,2144435.579,278.058,56.0,57.0,1.0,0.01,10.6,0.27,0.16,80.6,121.0,5.3,0.23,False
RC.BH22.056,1149.0,rc,Shamkya,An1,498900.142,2144435.579,277.058,57.0,58.0,1.0,0.005,1.5,0.08,0.08,22.4,119.0,3.1,0.08,True
RC.BH22.057,1150.0,rc,Shamkya,An1,498900.142,2144435.579,276.058,58.0,59.0,1.0,0.005,1.3,0.07,0.07,6.7,106.0,11.5,0.06,True
,1151.0,rc,Shamkya,An1,,,,,,,0.01,48.9,0.56,0.44,67.9,235.0,24.6,0.24,False
RC.BH22.058,1152.0,rc,Shamkya,An1,498900.142,2144435.579,275.058,59.0,60.0,1.0,0.005,1.0,0.06,0.05,3.5,90.0,13.4,0.07,True
RC.BH22.059,1153.0,rc,Shamkya,An1,498900.142,2144435.579,274.058,60.0,61.0,1.0,0.01,1.8,0.08,0.07,15.2,69.0,12.8,0.07,False
RC.BH23.011,1154.0,rc,Shamkya,An1,498924.943,2144441.492,323.56,11.0,12.0,1.0,0.005,0.9,0.025,0.07,33.1,70.0,20.5,0.06,True
RC.BH23.012,1155.0,rc,Shamkya,An1,498924.943,2144441.492,322.56,12.0,13.0,1.0,0.005,0.8,0.05,0.1,36.0,81.0,14.6,0.04,True
RC.BH23.013,1156.0,rc,Shamkya,An1,498924.943,2144441.492,321.56,13.0,14.0,1.0,0.005,1.0,0.025,0.16,72.5,70.0,7.7,0.05,True
RC.BH23.014,1157.0,rc,Shamkya,An1,498924.943,2144441.492,320.56,14.0,15.0,1.0,0.01,1.8,0.05,0.09,176.0,53.0,10.3,0.08,False
RC.BH23.015,1158.0,rc,Shamkya,An1,498924.943,2144441.492,319.56,15.0,16.0,1.0,0.005,0.7,0.05,0.07,40.6,80.0,5.2,0.06,True
RC.BH23.016,1159.0,rc,Shamkya,An1,498924.943,2144441.492,318.56,16.0,17.0,1.0,0.005,0.6,0.05,0.04,14.5,68.0,3.5,0.04,True
RC.BH23.017,1160.0,rc,Shamkya,An1,498924.943,2144441.492,317.56,17.0,18.0,1.0,0.005,1.0,0.06,0.07,24.6,76.0,5.2,0.06,True
RC.BH23.018,1161.0,rc,Shamkya,An1,498924.943,2144441.492,316.56,18.0,19.0,1.0,0.005,1.1,0.06,0.06,72.7,67.0,6.3,0.08,True
RC.BH23.019,1162.0,rc,Shamkya,An1,498924.943,2144441.492,315.56,19.0,20.0,1.0,0.005,1.2,0.07,0.1,63.3,73.0,8.6,0.06,True
RC.BH23.020,1163.0,rc,Shamkya,An1,498924.943,2144441.492,314.56,20.0,21.0,1.0,0.005,0.8,0.08,0.04,45.2,66.0,5.8,0.07,True
RC.BH23.021,1164.0,rc,Shamkya,An1,498924.943,2144441.492,313.56,21.0,22.0,1.0,0.005,0.7,0.06,0.06,74.7,80.0,6.6,0.08,True
RC.BH23.022,1165.0,rc,Shamkya,An1,498924.943,2144441.492,312.56,22.0,23.0,1.0,0.005,1.0,0.06,0.13,39.4,83.0,4.9,0.06,True
RC.BH23.023,1166.0,rc,Shamkya,An1,498924.943,2144441.492,311.56,23.0,24.0,1.0,0.005,1.1,0.06,0.05,30.1,65.0,5.3,0.07,True
RC.BH23.024,1167.0,rc,Shamkya,An1,498924.943,2144441.492,310.56,24.0,25.0,1.0,0.005,0.7,0.07,0.1,24.1,68.0,4.7,0.06,True
RC.BH23.025,1168.0,rc,Shamkya,An1,498924.943,2144441.492,309.56,25.0,26.0,1.0,0.005,1.0,0.09,0.09,44.7,78.0,8.9,0.05,True
RC.BH23.026,1169.0,rc,Shamkya,An1,498924.943,2144441.492,308.56,26.0,27.0,1.0,0.005,0.9,0.06,0.07,14.6,48.0,6.9,0.06,True
RC.BH23.027,1170.0,rc,Shamkya,An1,498924.943,2144441.492,307.56,27.0,28.0,1.0,0.005,0.7,0.09,0.11,18.1,66.0,5.7,0.06,True
RC.BH23.028,1171.0,rc,Shamkya,An1,498924.943,2144441.492,306.56,28.0,29.0,1.0,0.005,1.6,0.1,0.12,25.9,75.0,18.0,0.08,True
RC.BH23.029,1172.0,rc,Shamkya,An1,498924.943,2144441.492,305.56,29.0,30.0,1.0,0.005,11.1,0.2,0.29,7.6,73.0,7.2,0.07,True
RC.BH23.030,1173.0,rc,Shamkya,An1,498924.943,2144441.492,304.56,30.0,31.0,1.0,0.005,0.7,0.08,0.25,13.9,69.0,4.9,0.07,True
RC.BH23.031,1174.0,rc,Shamkya,An1,498924.943,2144441.492,303.56,31.0,32.0,1.0,0.005,0.9,0.05,0.14,21.0,55.0,5.2,0.04,True
RC.BH23.032,1175.0,rc,Shamkya,An1,498924.943,2144441.492,302.56,32.0,33.0,1.0,0.005,1.6,0.11,0.29,16.0,73.0,5.5,0.04,True
,1176.0,rc,Shamkya,An1,,,,,,,0.01,49.8,0.53,1.68,36.2,153.0,50.9,0.71,False
RC.BH23.033,1177.0,rc,Shamkya,An1,498924.943,2144441.492,301.56,33.0,34.0,1.0,0.02,1.4,0.06,0.13,46.2,79.0,6.2,0.1,False
RC.BH23.034,1178.0,rc,Shamkya,An1,498924.943,2144441.492,300.56,34.0,35.0,1.0,0.005,2.4,0.08,0.14,20.9,37.0,5.9,0.07,True
RC.BH23.035,1179.0,rc,Shamkya,An1,498924.943,2144441.492,299.56,35.0,36.0,1.0,0.005,2.2,0.08,0.22,14.9,83.0,6.4,0.04,True
RC.BH23.036,1180.0,rc,Shamkya,An1,498924.943,2144441.492,298.56,36.0,37.0,1.0,0.005,4.3,0.1,0.53,43.4,28.0,6.0,0.07,True
RC.BH23.037,1181.0,rc,Shamkya,An1,498924.943,2144441.492,297.56,37.0,38.0,1.0,0.005,3.5,0.16,0.25,22.4,42.0,3.4,0.03,True
RC.BH23.038,1182.0,rc,Shamkya,An1,498924.943,2144441.492,296.56,38.0,39.0,1.0,0.005,1.1,0.14,0.29,12.9,66.0,4.5,0.03,True
RC.BH23.039,1183.0,rc,Shamkya,An1,498924.943,2144441.492,295.56,39.0,40.0,1.0,0.005,1.9,0.1,0.24,46.3,66.0,6.3,0.07,True
RC.BH23.040,1184.0,rc,Shamkya,An1,498924.943,2144441.492,294.56,40.0,41.0,1.0,0.005,0.8,0.1,0.47,43.9,119.0,13.1,0.13,True
RC.BH23.041,1185.0,rc,Shamkya,An1,498924.943,2144441.492,293.56,41.0,42.0,1.0,0.005,4.2,0.12,0.3,35.8,53.0,5.2,0.07,True
RC.BH23.042,1186.0,rc,Shamkya,An1,498924.943,2144441.492,292.56,42.0,43.0,1.0,0.01,9.1,0.14,0.39,74.6,193.0,19.7,0.1,False
RC.BH23.043,1187.0,rc,Shamkya,An1,498924.943,2144441.492,291.56,43.0,44.0,1.0,0.01,5.7,0.22,0.76,101.5,172.0,11.1,0.14,False
RC.BH23.044,1188.0,rc,Shamkya,An1,498924.943,2144441.492,290.56,44.0,45.0,1.0,1.1,28.0,0.16,23.4,130.5,41.0,4.8,0.42,False
RC.BH23.045,1189.0,rc,Shamkya,An1,498924.943,2144441.492,289.56,45.0,46.0,1.0,0.02,26.6,0.44,5.04,84.4,277.0,20.5,0.32,False
RC.BH23.046,1190.0,rc,Shamkya,An1,498924.943,2144441.492,288.56,46.0,47.0,1.0,0.02,62.4,0.71,0.56,85.6,133.0,15.5,0.5,False
RC.BH23.047,1191.0,rc,Shamkya,An1,498924.943,2144441.492,287.56,47.0,48.0,1.0,0.13,28.1,0.25,0.61,23.4,148.0,8.0,0.18,False
RC.BH23.048,1192.0,rc,Shamkya,An1,498924.943,2144441.492,286.56,48.0,49.0,1.0,0.01,10.9,0.29,0.83,15.7,135.0,10.0,0.16,False
RC.BH23.049,1193.0,rc,Shamkya,An1,498924.943,2144441.492,285.56,49.0,50.0,1.0,0.005,32.2,0.3,0.26,11.4,240.0,8.6,0.1,True
RC.BH23.050,1194.0,rc,Shamkya,An1,498924.943,2144441.492,284.56,50.0,51.0,1.0,0.01,59.5,0.88,0.44,61.5,239.0,14.3,0.3,False
RC.BH23.051,1195.0,rc,Shamkya,An1,498924.943,2144441.492,283.56,51.0,52.0,1.0,0.01,48.9,0.52,2.05,36.4,159.0,62.4,0.92,False
,1196.0,rc,Shamkya,An1,,,,,,,0.005,0.4,0.025,0.02,2.0,3.0,12.7,0.01,True
RC.BH23.052,1197.0,rc,Shamkya,An1,498924.943,2144441.492,282.56,52.0,53.0,1.0,0.005,8.5,0.34,0.27,43.1,407.0,10.0,0.12,True
RC.BH23.053,1198.0,rc,Shamkya,An1,498924.943,2144441.492,281.56,53.0,54.0,1.0,0.005,2.6,0.06,0.09,5.4,163.0,8.5,0.04,True
RC.BH24.007,1199.0,rc,Shamkya,An1,498826.897,2144297.623,328.266,7.0,8.0,1.0,0.005,0.6,0.05,0.04,2.3,80.0,2.3,0.03,True
RC.BH24.008,1200.0,rc,Shamkya,An1,498826.897,2144297.623,327.266,8.0,9.0,1.0,0.005,0.4,0.05,0.05,3.5,80.0,2.7,0.03,True
,1201.0,rc,Shamkya,An1,,,,,,,0.46,16.3,0.17,10.05,15.0,210.0,69.7,1.8,False
RC.BH24.009,1202.0,rc,Shamkya,An1,498826.897,2144297.623,326.266,9.0,10.0,1.0,0.01,0.8,0.06,0.08,3.0,80.0,3.0,0.07,False
RC.BH24.010,1203.0,rc,Shamkya,An1,498826.897,2144297.623,325.266,10.0,11.0,1.0,0.005,0.4,0.025,0.08,9.4,93.0,3.1,0.02,True
RC.BH24.011,1204.0,rc,Shamkya,An1,498826.897,2144297.623,324.266,11.0,12.0,1.0,0.005,0.7,0.025,0.08,3.3,85.0,2.9,0.03,True
RC.BH24.012,1205.0,rc,Shamkya,An1,498826.897,2144297.623,323.266,12.0,13.0,1.0,0.005,0.3,0.025,0.05,1.8,103.0,2.6,0.03,True
RC.BH24.013,1206.0,rc,Shamkya,An1,498826.897,2144297.623,322.266,13.0,14.0,1.0,0.005,0.5,0.06,0.05,3.4,93.0,2.6,0.03,True
RC.BH24.014,1207.0,rc,Shamkya,An1,498826.897,2144297.623,321.266,14.0,15.0,1.0,0.005,0.6,0.05,0.07,4.7,101.0,2.9,0.02,True
RC.BH24.015,1208.0,rc,Shamkya,An1,498826.897,2144297.623,320.266,15.0,16.0,1.0,0.005,0.4,0.05,0.1,5.4,143.0,3.1,0.02,True
RC.BH24.016,1209.0,rc,Shamkya,An1,498826.897,2144297.623,319.266,16.0,17.0,1.0,0.005,0.3,0.06,0.17,7.1,119.0,3.8,0.03,True
RC.BH24.017,1210.0,rc,Shamkya,An1,498826.897,2144297.623,318.266,17.0,18.0,1.0,0.005,0.4,0.05,0.11,11.0,114.0,4.3,0.03,True
RC.BH24.018,1211.0,rc,Shamkya,An1,498826.897,2144297.623,317.266,18.0,19.0,1.0,0.005,0.7,0.08,0.09,8.9,92.0,4.5,0.1,True
RC.BH24.019,1212.0,rc,Shamkya,An1,498826.897,2144297.623,316.266,19.0,20.0,1.0,0.005,0.6,0.08,0.07,11.6,76.0,4.3,0.12,True
RC.BH24.020,1213.0,rc,Shamkya,An1,498826.897,2144297.623,315.266,20.0,21.0,1.0,0.005,0.9,0.08,0.09,20.0,93.0,4.2,0.08,True
RC.BH24.021,1214.0,rc,Shamkya,An1,498826.897,2144297.623,314.266,21.0,22.0,1.0,0.005,0.7,0.08,0.07,14.0,89.0,3.5,0.09,True
RC.BH24.022,1215.0,rc,Shamkya,An1,498826.897,2144297.623,313.266,22.0,23.0,1.0,0.01,0.8,0.09,0.08,4.5,111.0,3.5,0.15,False
RC.BH24.023,1216.0,rc,Shamkya,An1,498826.897,2144297.623,312.266,23.0,24.0,1.0,0.05,10.3,0.11,0.34,8.4,71.0,4.6,0.16,False
RC.BH24.024,1217.0,rc,Shamkya,An1,498826.897,2144297.623,311.266,24.0,25.0,1.0,0.06,12.8,0.17,0.68,5.4,122.0,11.3,0.15,False
RC.BH24.025,1218.0,rc,Shamkya,An1,498826.897,2144297.623,310.266,25.0,26.0,1.0,0.25,15.5,0.23,7.55,14.9,204.0,66.2,3.12,False
,1219.0,rc,Shamkya,An1,,,,,,,0.005,0.1,0.025,0.03,1.3,4.0,13.2,0.01,True
RC.BH24.026,1220.0,rc,Shamkya,An1,498826.897,2144297.623,309.266,26.0,27.0,1.0,0.005,0.5,0.14,0.12,8.0,114.0,4.9,0.03,True
RC.BH24.027,1221.0,rc,Shamkya,An1,498826.897,2144297.623,308.266,27.0,28.0,1.0,0.005,0.5,0.13,0.23,17.7,125.0,8.6,0.06,True
RC.BH24.028,1222.0,rc,Shamkya,An1,498826.897,2144297.623,307.266,28.0,29.0,1.0,0.005,0.4,0.06,0.13,3.0,99.0,8.0,0.03,True
RC.BH24.029,1223.0,rc,Shamkya,An1,498826.897,2144297.623,306.266,29.0,30.0,1.0,0.005,0.4,0.08,0.14,1.0,120.0,5.8,0.03,True
RC.BH24.030,1224.0,rc,Shamkya,An1,498826.897,2144297.623,305.266,30.0,31.0,1.0,0.01,0.5,0.11,0.06,5.3,129.0,6.7,0.06,False
RC.BH24.031,1225.0,rc,Shamkya,An1,498826.897,2144297.623,304.266,31.0,32.0,1.0,0.005,0.5,0.06,0.07,5.1,119.0,3.5,0.03,True
,1226.0,rc,Shamkya,An1,,,,,,,0.005,0.5,0.08,0.09,8.2,115.0,4.5,0.02,True
RC.BH24.032,1227.0,rc,Shamkya,An1,498826.897,2144297.623,303.266,32.0,33.0,1.0,0.01,0.4,0.07,0.08,11.6,111.0,4.9,0.02,False
RC.BH24.033,1228.0,rc,Shamkya,An1,498826.897,2144297.623,302.266,33.0,34.0,1.0,0.005,0.5,0.07,0.09,5.1,131.0,4.5,0.02,True
RC.BH24.034,1229.0,rc,Shamkya,An1,498826.897,2144297.623,301.266,34.0,35.0,1.0,0.005,0.4,0.09,0.1,6.5,118.0,3.9,0.03,True
RC.BH24.035,1230.0,rc,Shamkya,An1,498826.897,2144297.623,300.266,35.0,36.0,1.0,0.005,0.5,0.08,0.09,7.4,118.0,5.7,0.03,True
RC.BH24.036,1231.0,rc,Shamkya,An1,498826.897,2144297.623,299.266,36.0,37.0,1.0,0.005,0.6,0.07,0.13,15.5,134.0,6.3,0.04,True
RC.BH24.037,1232.0,rc,Shamkya,An1,498826.897,2144297.623,298.266,37.0,38.0,1.0,0.005,0.7,0.09,0.19,9.0,140.0,5.3,0.04,True
RC.BH24.038,1233.0,rc,Shamkya,An1,498826.897,2144297.623,297.266,38.0,39.0,1.0,0.005,0.6,0.1,0.19,6.4,140.0,5.1,0.05,True
RC.BH24.039,1234.0,rc,Shamkya,An1,498826.897,2144297.623,296.266,39.0,40.0,1.0,0.005,0.4,0.07,0.09,7.0,118.0,4.2,0.02,True
RC.BH24.040,1235.0,rc,Shamkya,An1,498826.897,2144297.623,295.266,40.0,41.0,1.0,0.005,0.7,0.17,0.38,4.6,122.0,3.9,0.03,True
RC.BH24.041,1236.0,rc,Shamkya,An1,498826.897,2144297.623,294.266,41.0,42.0,1.0,0.005,0.4,0.07,0.12,5.0,123.0,4.4,0.03,True
RC.BH24.042,1237.0,rc,Shamkya,An1,498826.897,2144297.623,293.266,42.0,43.0,1.0,0.005,0.6,0.08,0.08,6.0,111.0,3.8,0.03,True
RC.BH24.043,1238.0,rc,Shamkya,An1,498826.897,2144297.623,292.266,43.0,44.0,1.0,0.005,0.5,0.1,0.09,3.8,102.0,3.9,0.03,True
RC.BH24.044,1239.0,rc,Shamkya,An1,498826.897,2144297.623,291.266,44.0,45.0,1.0,0.005,0.7,0.07,0.14,7.4,102.0,3.1,0.02,True
RC.BH25.014,1240.0,rc,Shamkya,An1,498878.839,2144292.424,317.652,15.0,16.0,1.0,0.005,0.7,0.08,0.11,8.7,125.0,6.6,0.07,True
RC.BH25.015,1241.0,rc,Shamkya,An1,498878.839,2144292.424,316.652,16.0,17.0,1.0,3.75,1.7,0.22,13.65,41.2,149.0,20.1,0.48,False
RC.BH25.016,1242.0,rc,Shamkya,An1,498878.839,2144292.424,315.652,17.0,18.0,1.0,2.3,4.5,0.43,54.8,258.0,104.0,80.7,1.74,False
,1243.0,rc,Shamkya,An1,,,,,,,0.005,0.05,0.05,0.1,3.4,5.0,14.6,0.01,True
RC.BH25.017,1244.0,rc,Shamkya,An1,498878.839,2144292.424,314.652,18.0,19.0,1.0,2.2,5.1,0.39,47.4,272.0,166.0,648.0,3.75,False
RC.BH25.018,1245.0,rc,Shamkya,An1,498878.839,2144292.424,313.652,19.0,20.0,1.0,0.02,1.5,0.16,0.52,6.6,81.0,18.6,0.23,False
RC.BH25.019,1246.0,rc,Shamkya,An1,498878.839,2144292.424,312.652,20.0,21.0,1.0,0.005,0.8,0.08,0.14,2.5,54.0,7.3,0.05,True
RC.BH25.020,1247.0,rc,Shamkya,An1,498878.839,2144292.424,311.652,21.0,22.0,1.0,0.005,0.8,0.1,0.13,2.1,61.0,6.3,0.03,True
RC.BH25.021,1248.0,rc,Shamkya,An1,498878.839,2144292.424,310.652,22.0,23.0,1.0,0.005,0.8,0.12,0.25,7.3,71.0,6.6,0.06,True
RC.BH25.022,1249.0,rc,Shamkya,An1,498878.839,2144292.424,309.652,23.0,24.0,1.0,0.005,0.6,0.08,0.07,3.9,102.0,5.1,0.03,True
RC.BH25.023,1250.0,rc,Shamkya,An1,498878.839,2144292.424,308.652,24.0,25.0,1.0,0.01,0.7,0.07,0.06,2.3,119.0,3.6,0.05,False
,1251.0,rc,Shamkya,An1,,,,,,,2.47,3.3,0.44,44.0,245.0,105.0,75.9,1.68,False
RC.BH25.024,1252.0,rc,Shamkya,An1,498878.839,2144292.424,307.652,25.0,26.0,1.0,0.01,0.6,0.12,0.21,11.5,117.0,3.4,0.08,False
RC.BH25.025,1253.0,rc,Shamkya,An1,498878.839,2144292.424,306.652,26.0,27.0,1.0,0.01,1.2,0.15,0.18,9.2,107.0,5.0,0.11,False
RC.BH25.026,1254.0,rc,Shamkya,An1,498878.839,2144292.424,305.652,27.0,28.0,1.0,0.01,1.0,0.14,0.12,15.3,108.0,4.6,0.1,False
RC.BH25.027,1255.0,rc,Shamkya,An1,498878.839,2144292.424,304.652,28.0,29.0,1.0,0.01,0.5,0.11,0.09,10.0,111.0,3.4,0.08,False
RC.BH25.028,1256.0,rc,Shamkya,An1,498878.839,2144292.424,303.652,29.0,30.0,1.0,0.01,0.7,0.1,0.11,5.7,109.0,4.4,0.07,False
RC.BH25.029,1257.0,rc,Shamkya,An1,498878.839,2144292.424,302.652,30.0,31.0,1.0,0.005,0.5,0.1,0.13,14.2,120.0,6.7,0.08,True
RC.BH25.030,1258.0,rc,Shamkya,An1,498878.839,2144292.424,301.652,31.0,32.0,1.0,0.005,0.6,0.2,0.22,10.0,70.0,8.4,0.06,True
RC.BH25.031,1259.0,rc,Shamkya,An1,498878.839,2144292.424,300.652,32.0,33.0,1.0,0.005,0.5,0.09,0.08,7.0,123.0,5.1,0.04,True
RC.BH25.032,1260.0,rc,Shamkya,An1,498878.839,2144292.424,299.652,33.0,34.0,1.0,0.005,0.3,0.09,0.07,4.4,136.0,4.8,0.03,True
RC.BH25.033,1261.0,rc,Shamkya,An1,498878.839,2144292.424,298.652,34.0,35.0,1.0,0.005,0.3,0.11,0.07,4.9,93.0,5.4,0.03,True
RC.BH25.034,1262.0,rc,Shamkya,An1,498878.839,2144292.424,297.652,35.0,36.0,1.0,0.005,0.4,0.08,0.06,4.9,109.0,3.2,0.03,True
RC.BH25.035,1263.0,rc,Shamkya,An1,498878.839,2144292.424,296.652,36.0,37.0,1.0,0.005,0.3,0.07,0.09,8.5,117.0,3.3,0.03,True
RC.BH25.036,1264.0,rc,Shamkya,An1,498878.839,2144292.424,295.652,37.0,38.0,1.0,0.005,0.7,0.1,0.22,6.5,108.0,5.1,0.05,True
RC.BH26.028,1265.0,rc,Shamkya,An1,498924.974,2144283.431,305.298,28.0,29.0,1.0,0.02,4.1,0.23,0.41,4.1,34.0,2.2,0.04,False
RC.BH26.029,1266.0,rc,Shamkya,An1,498924.974,2144283.431,304.298,29.0,30.0,1.0,0.01,5.8,0.16,0.58,27.6,21.0,1.7,0.04,False
RC.BH26.030,1267.0,rc,Shamkya,An1,498924.974,2144283.431,303.298,30.0,31.0,1.0,0.02,6.7,0.24,0.57,28.7,24.0,2.2,0.04,False
RC.BH26.031,1268.0,rc,Shamkya,An1,498924.974,2144283.431,302.298,31.0,32.0,1.0,0.05,7.8,0.28,0.57,13.8,22.0,3.0,0.04,False
RC.BH26.032,1269.0,rc,Shamkya,An1,498924.974,2144283.431,301.298,32.0,33.0,1.0,0.01,6.1,0.26,0.84,33.2,102.0,5.6,0.09,False
RC.BH26.033,1270.0,rc,Shamkya,An1,498924.974,2144283.431,300.298,33.0,34.0,1.0,0.02,12.5,0.31,0.45,6.5,84.0,5.7,0.1,False
RC.BH26.034,1271.0,rc,Shamkya,An1,498924.974,2144283.431,299.298,34.0,35.0,1.0,0.02,6.9,0.29,0.27,8.4,120.0,8.2,0.1,False
RC.BH26.035,1272.0,rc,Shamkya,An1,498924.974,2144283.431,298.298,35.0,36.0,1.0,0.34,11.9,0.74,1.16,93.1,243.0,48.5,0.68,False
RC.BH26.036,1273.0,rc,Shamkya,An1,498924.974,2144283.431,297.298,36.0,37.0,1.0,9.44,26.0,1.63,16.9,260.0,753.0,328.0,5.31,False
RC.BH26.037,1274.0,rc,Shamkya,An1,498924.974,2144283.431,296.298,37.0,38.0,1.0,0.61,13.4,0.26,1.19,74.8,145.0,35.4,0.76,False
RC.BH26.038,1275.0,rc,Shamkya,An1,498924.974,2144283.431,295.298,38.0,39.0,1.0,0.29,8.8,0.45,4.2,314.0,121.0,57.5,0.72,False
,1276.0,rc,Shamkya,An1,,,,,,,0.85,14.0,0.29,1.37,79.4,156.0,39.8,0.46,False
RC.BH26.039,1277.0,rc,Shamkya,An1,498924.974,2144283.431,294.298,39.0,40.0,1.0,1.08,24.3,0.49,7.68,288.0,125.0,60.6,2.45,False
,1278.0,rc,Shamkya,An1,,,,,,,0.005,0.2,0.05,0.03,2.4,3.0,11.8,0.01,True
RC.BH26.040,1279.0,rc,Shamkya,An1,498924.974,2144283.431,293.298,40.0,41.0,1.0,0.4,2.3,0.17,1.89,62.4,88.0,26.3,0.34,False
RC.BH26.041,1280.0,rc,Shamkya,An1,498924.974,2144283.431,292.298,41.0,42.0,1.0,0.13,3.3,0.26,1.21,45.2,46.0,103.0,0.36,False
RC.BH26.042,1281.0,rc,Shamkya,An1,498924.974,2144283.431,291.298,42.0,43.0,1.0,0.005,1.0,0.11,0.18,6.7,67.0,6.7,0.06,True
RC.BH27.004,1282.0,rc,Shamkya,An1,498893.224,2144455.678,329.352,5.0,6.0,1.0,0.01,1.5,0.13,0.25,42.7,60.0,8.9,0.05,False
RC.BH27.005,1283.0,rc,Shamkya,An1,498893.224,2144455.678,328.352,6.0,7.0,1.0,0.005,7.1,0.23,0.29,51.5,103.0,9.1,0.12,True
RC.BH27.006,1284.0,rc,Shamkya,An1,498893.224,2144455.678,327.352,7.0,8.0,1.0,0.005,7.2,0.14,0.23,27.4,69.0,8.6,0.06,True
RC.BH27.007,1285.0,rc,Shamkya,An1,498893.224,2144455.678,326.352,8.0,9.0,1.0,0.005,7.2,0.2,0.25,44.5,68.0,8.7,0.11,True
RC.BH27.008,1286.0,rc,Shamkya,An1,498893.224,2144455.678,325.352,9.0,10.0,1.0,0.005,12.7,0.63,0.5,32.8,73.0,15.1,0.09,True
RC.BH27.009,1287.0,rc,Shamkya,An1,498893.224,2144455.678,324.352,10.0,11.0,1.0,0.005,7.4,0.3,0.31,33.6,76.0,9.2,0.09,True
RC.BH27.010,1288.0,rc,Shamkya,An1,498893.224,2144455.678,323.352,11.0,12.0,1.0,0.005,8.6,0.25,0.59,26.0,56.0,13.2,0.07,True
RC.BH27.011,1289.0,rc,Shamkya,An1,498893.224,2144455.678,322.352,12.0,13.0,1.0,0.005,7.1,0.19,1.19,51.7,55.0,10.1,0.08,True
RC.BH27.012,1290.0,rc,Shamkya,An1,498893.224,2144455.678,321.352,13.0,14.0,1.0,0.005,3.5,0.11,0.35,33.4,89.0,13.1,0.06,True
RC.BH27.013,1291.0,rc,Shamkya,An1,498893.224,2144455.678,320.352,14.0,15.0,1.0,0.02,10.9,0.3,2.17,99.9,165.0,15.2,0.16,False
RC.BH27.014,1292.0,rc,Shamkya,An1,498893.224,2144455.678,319.352,15.0,16.0,1.0,13.4,15.2,0.55,362.0,5340.0,166.0,129.5,3.45,False
RC.BH27.015,1293.0,rc,Shamkya,An1,498893.224,2144455.678,318.352,16.0,17.0,1.0,0.31,20.2,0.4,16.15,581.0,70.0,18.5,0.37,False
RC.BH27.016,1294.0,rc,Shamkya,An1,498893.224,2144455.678,317.352,17.0,18.0,1.0,0.02,14.6,0.24,1.36,87.9,47.0,6.4,0.09,False
RC.BH27.017,1295.0,rc,Shamkya,An1,498893.224,2144455.678,316.352,18.0,19.0,1.0,0.005,4.6,0.17,0.33,18.4,80.0,8.2,0.05,True
RC.BH27.018,1296.0,rc,Shamkya,An1,498893.224,2144455.678,315.352,19.0,20.0,1.0,0.01,6.5,0.29,0.41,77.3,73.0,10.8,0.06,False
RC.BH27.019,1297.0,rc,Shamkya,An1,498893.224,2144455.678,314.352,20.0,21.0,1.0,0.005,5.8,0.23,0.44,66.4,40.0,8.9,0.06,True
RC.BH27.020,1298.0,rc,Shamkya,An1,498893.224,2144455.678,313.352,21.0,22.0,1.0,0.005,3.8,0.09,0.19,35.6,85.0,8.9,0.04,True
RC.BH27.021,1299.0,rc,Shamkya,An1,498893.224,2144455.678,312.352,22.0,23.0,1.0,0.01,12.4,0.24,0.52,74.4,86.0,3.9,0.05,False
RC.BH27.022,1300.0,rc,Shamkya,An1,498893.224,2144455.678,311.352,23.0,24.0,1.0,0.005,2.1,0.13,0.13,122.5,123.0,2.9,0.04,True
,1301.0,rc,Shamkya,An1,,,,,,,12.85,14.6,0.56,356.0,5290.0,162.0,126.5,2.91,False
RC.BH27.023,1302.0,rc,Shamkya,An1,498893.224,2144455.678,310.352,24.0,25.0,1.0,0.11,14.3,0.31,2.45,93.8,81.0,8.3,0.1,False
RC.BH27.024,1303.0,rc,Shamkya,An1,498893.224,2144455.678,309.352,25.0,26.0,1.0,0.01,6.6,0.31,0.68,35.1,123.0,8.7,0.06,False
RC.BH27.025,1304.0,rc,Shamkya,An1,498893.224,2144455.678,308.352,26.0,27.0,1.0,0.01,2.6,0.34,0.41,21.5,151.0,8.4,0.07,False
RC.BH27.026,1305.0,rc,Shamkya,An1,498893.224,2144455.678,307.352,27.0,28.0,1.0,0.02,6.5,0.41,0.49,59.2,232.0,10.5,0.12,False
RC.BH27.027,1306.0,rc,Shamkya,An1,498893.224,2144455.678,306.352,28.0,29.0,1.0,0.01,32.5,0.55,0.3,24.1,151.0,13.1,0.13,False
RC.BH27.028,1307.0,rc,Shamkya,An1,498893.224,2144455.678,305.352,29.0,30.0,1.0,0.01,2.9,0.28,0.19,12.3,145.0,5.2,0.07,False
RC.BH27.029,1308.0,rc,Shamkya,An1,498893.224,2144455.678,304.352,30.0,31.0,1.0,0.01,2.8,0.13,0.21,18.8,113.0,5.1,0.1,False
RC.BH27.030,1309.0,rc,Shamkya,An1,498893.224,2144455.678,303.352,31.0,32.0,1.0,0.01,3.9,0.11,0.28,41.4,155.0,6.8,0.08,False
RC.BH27.031,1310.0,rc,Shamkya,An1,498893.224,2144455.678,302.352,32.0,33.0,1.0,0.005,2.5,0.12,0.19,22.5,158.0,5.2,0.09,True
RC.BH27.032,1311.0,rc,Shamkya,An1,498893.224,2144455.678,301.352,33.0,34.0,1.0,0.005,4.8,0.25,0.17,30.0,188.0,7.0,0.07,True
RC.BH27.033,1312.0,rc,Shamkya,An1,498893.224,2144455.678,300.352,34.0,35.0,1.0,0.01,18.7,0.58,0.23,104.5,163.0,8.2,0.11,False
RC.BH27.034,1313.0,rc,Shamkya,An1,498893.224,2144455.678,299.352,35.0,36.0,1.0,0.01,9.9,0.31,1.17,361.0,176.0,68.3,0.3,False
RC.BH27.035,1314.0,rc,Shamkya,An1,498893.224,2144455.678,298.352,36.0,37.0,1.0,0.005,1.8,0.1,0.07,20.8,92.0,5.4,0.03,True
RC.BH27.036,1315.0,rc,Shamkya,An1,498893.224,2144455.678,297.352,37.0,38.0,1.0,0.005,3.8,0.22,0.14,39.3,165.0,3.0,0.04,True
RC.BH27.037,1316.0,rc,Shamkya,An1,498893.224,2144455.678,296.352,38.0,39.0,1.0,0.005,2.7,0.3,0.1,91.4,117.0,2.9,0.06,True
RC.BH27.038,1317.0,rc,Shamkya,An1,498893.224,2144455.678,295.352,39.0,40.0,1.0,0.005,3.7,0.13,0.06,42.9,74.0,2.3,0.05,True
RC.BH27.039,1318.0,rc,Shamkya,An1,498893.224,2144455.678,294.352,40.0,41.0,1.0,0.005,4.6,0.17,0.23,90.3,118.0,3.0,0.04,True
RC.BH27.040,1319.0,rc,Shamkya,An1,498893.224,2144455.678,293.352,41.0,42.0,1.0,0.005,2.8,0.31,0.09,22.9,132.0,5.6,0.03,True
RC.BH28.004,1320.0,rc,Shamkya,An1,498965.284,2144477.428,330.596,3.0,4.0,1.0,0.01,2.8,0.16,0.12,34.8,72.0,23.2,0.09,False
RC.BH28.005,1321.0,rc,Shamkya,An1,498965.284,2144477.428,329.596,4.0,5.0,1.0,0.08,25.2,0.32,1.09,29.0,58.0,37.8,0.11,False
RC.BH28.006,1322.0,rc,Shamkya,An1,498965.284,2144477.428,328.596,5.0,6.0,1.0,0.01,3.7,0.16,1.24,67.5,37.0,9.0,0.1,False
RC.BH28.007,1323.0,rc,Shamkya,An1,498965.284,2144477.428,327.596,6.0,7.0,1.0,0.01,1.7,0.34,0.32,143.5,147.0,5.1,0.08,False
RC.BH28.008,1324.0,rc,Shamkya,An1,498965.284,2144477.428,326.596,7.0,8.0,1.0,0.02,10.5,0.44,0.72,160.5,160.0,7.9,0.11,False
RC.BH28.009,1325.0,rc,Shamkya,An1,498965.284,2144477.428,325.596,8.0,9.0,1.0,0.01,9.4,0.2,0.39,17.3,41.0,6.3,0.12,False
,1326.0,rc,Shamkya,An1,,,,,,,0.005,15.9,0.15,0.95,37.7,90.0,4.3,0.13,True
RC.BH28.010,1327.0,rc,Shamkya,An1,498965.284,2144477.428,324.596,9.0,10.0,1.0,0.005,15.1,0.17,1.11,38.4,91.0,4.2,0.13,True
,1328.0,rc,Shamkya,An1,,,,,,,0.005,0.2,0.025,0.02,1.8,4.0,12.6,0.01,True
RC.BH28.011,1329.0,rc,Shamkya,An1,498965.284,2144477.428,323.596,10.0,11.0,1.0,0.07,24.3,0.37,1.32,89.4,158.0,24.0,0.4,False
RC.BH28.012,1330.0,rc,Shamkya,An1,498965.284,2144477.428,322.596,11.0,12.0,1.0,0.05,10.4,0.2,0.6,47.0,193.0,84.9,0.33,False
RC.BH28.013,1331.0,rc,Shamkya,An1,498965.284,2144477.428,321.596,12.0,13.0,1.0,0.005,8.5,0.23,0.51,39.3,78.0,14.4,0.11,True
RC.BH28.014,1332.0,rc,Shamkya,An1,498965.284,2144477.428,320.596,13.0,14.0,1.0,0.01,14.2,0.2,0.7,21.9,58.0,7.9,0.06,False
RC.BH28.015,1333.0,rc,Shamkya,An1,498965.284,2144477.428,319.596,14.0,15.0,1.0,0.08,43.4,0.21,1.44,22.5,54.0,4.9,0.11,False
RC.BH28.016,1334.0,rc,Shamkya,An1,498965.284,2144477.428,318.596,15.0,16.0,1.0,0.24,53.7,0.4,1.78,31.0,38.0,6.4,0.23,False
RC.BH28.017,1335.0,rc,Shamkya,An1,498965.284,2144477.428,317.596,16.0,17.0,1.0,0.08,54.0,0.25,1.6,202.0,56.0,8.8,0.16,False
RC.BH28.018,1336.0,rc,Shamkya,An1,498965.284,2144477.428,316.596,17.0,18.0,1.0,0.02,29.0,0.16,2.15,236.0,62.0,7.5,0.17,False
RC.BH28.019,1337.0,rc,Shamkya,An1,498965.284,2144477.428,315.596,18.0,19.0,1.0,0.8,9.9,0.21,17.75,1540.0,173.0,41.4,0.62,False
RC.BH28.020,1338.0,rc,Shamkya,An1,498965.284,2144477.428,314.596,19.0,20.0,1.0,0.18,9.5,0.25,5.95,388.0,105.0,18.8,0.23,False
RC.BH28.021,1339.0,rc,Shamkya,An1,498965.284,2144477.428,313.596,20.0,21.0,1.0,0.07,11.6,0.22,1.83,102.5,182.0,11.1,0.07,False
RC.BH28.022,1340.0,rc,Shamkya,An1,498965.284,2144477.428,312.596,21.0,22.0,1.0,0.53,66.2,0.75,5.55,151.0,146.0,185.5,0.67,False
RC.BH28.023,1341.0,rc,Shamkya,An1,498965.284,2144477.428,311.596,22.0,23.0,1.0,0.62,85.1,1.69,1.62,83.5,624.0,133.5,0.42,False
RC.BH28.024,1342.0,rc,Shamkya,An1,498965.284,2144477.428,310.596,23.0,24.0,1.0,0.49,55.4,0.75,86.0,395.0,2280.0,2580.0,38.1,False
RC.BH28.025,1343.0,rc,Shamkya,An1,498965.284,2144477.428,309.596,24.0,25.0,1.0,0.01,153.0,0.83,1.02,79.8,244.0,47.2,0.4,False
RC.BH28.026,1344.0,rc,Shamkya,An1,498965.284,2144477.428,308.596,25.0,26.0,1.0,0.005,18.9,0.31,0.31,20.1,253.0,15.4,0.13,True
RC.BH28.027,1345.0,rc,Shamkya,An1,498965.284,2144477.428,307.596,26.0,27.0,1.0,0.01,3.4,0.17,0.34,29.0,114.0,14.1,0.09,False
RC.BH28.028,1346.0,rc,Shamkya,An1,498965.284,2144477.428,306.596,27.0,28.0,1.0,0.005,2.8,0.07,0.08,3.4,54.0,9.7,0.03,True
RC.BH28.029,1347.0,rc,Shamkya,An1,498965.284,2144477.428,305.596,28.0,29.0,1.0,0.005,1.0,0.05,0.07,9.3,83.0,5.1,0.03,True
RC.BH28.041,1348.0,rc,Shamkya,An1,498965.284,2144477.428,289.596,40.0,41.0,1.0,0.005,0.8,0.08,0.21,6.7,121.0,6.9,0.04,True
RC.BH28.042,1349.0,rc,Shamkya,An1,498965.284,2144477.428,288.596,41.0,42.0,1.0,0.01,3.4,0.16,0.16,14.3,79.0,6.6,0.05,False
RC.BH28.043,1350.0,rc,Shamkya,An1,498965.284,2144477.428,287.596,42.0,43.0,1.0,0.005,5.3,0.15,0.53,27.5,155.0,13.7,0.09,True
,1351.0,rc,Shamkya,An1,,,,,,,0.08,55.3,0.23,1.66,194.5,57.0,8.9,0.17,False
RC.BH28.044,1352.0,rc,Shamkya,An1,498965.284,2144477.428,286.596,43.0,44.0,1.0,0.005,22.7,0.37,0.37,30.7,150.0,17.6,0.16,True
RC.BH28.045,1353.0,rc,Shamkya,An1,498965.284,2144477.428,285.596,44.0,45.0,1.0,0.01,19.8,0.43,0.26,29.2,85.0,20.5,0.27,False
RC.BH28.046,1354.0,rc,Shamkya,An1,498965.284,2144477.428,284.596,45.0,46.0,1.0,0.005,4.9,0.18,0.09,12.9,65.0,7.3,0.12,True
RC.BH28.047,1355.0,rc,Shamkya,An1,498965.284,2144477.428,283.596,46.0,47.0,1.0,0.005,2.2,0.1,0.1,6.0,94.0,5.2,0.04,True
RC.BH28.048,1356.0,rc,Shamkya,An1,498965.284,2144477.428,282.596,47.0,48.0,1.0,0.005,3.3,0.12,0.1,48.5,112.0,5.6,0.09,True
RC.BH28.049,1357.0,rc,Shamkya,An1,498965.284,2144477.428,281.596,48.0,49.0,1.0,0.005,1.3,0.05,0.07,22.8,93.0,3.1,0.05,True
RC.BH28.050,1358.0,rc,Shamkya,An1,498965.284,2144477.428,280.596,49.0,50.0,1.0,0.005,0.9,0.05,0.09,8.0,97.0,4.8,0.03,True
RC.BH28.051,1359.0,rc,Shamkya,An1,498965.284,2144477.428,279.596,50.0,51.0,1.0,0.005,1.2,0.05,0.08,6.7,76.0,5.0,0.03,True
RC.BH28.052,1360.0,rc,Shamkya,An1,498965.284,2144477.428,278.596,51.0,52.0,1.0,0.005,0.9,0.025,0.07,3.5,66.0,5.0,0.03,True
RC.BH28.053,1361.0,rc,Shamkya,An1,498965.284,2144477.428,277.596,52.0,53.0,1.0,0.005,0.6,0.025,0.11,2.0,69.0,4.5,0.02,True
RC.BH29.009,1362.0,rc,Shamkya,An1,498751.557,2144448.633,324.995,8.0,9.0,1.0,0.005,1.2,0.025,0.03,35.6,100.0,2.8,0.01,True
RC.BH29.010,1363.0,rc,Shamkya,An1,498751.557,2144448.633,323.995,9.0,10.0,1.0,0.005,1.4,0.025,0.04,43.8,98.0,3.4,0.01,True
RC.BH29.011,1364.0,rc,Shamkya,An1,498751.557,2144448.633,322.995,10.0,11.0,1.0,0.01,3.3,0.05,0.36,18.2,34.0,5.8,0.02,False
RC.BH29.012,1365.0,rc,Shamkya,An1,498751.557,2144448.633,321.995,11.0,12.0,1.0,0.05,60.0,0.28,8.19,23.1,40.0,2.0,0.1,False
RC.BH29.013,1366.0,rc,Shamkya,An1,498751.557,2144448.633,320.995,12.0,13.0,1.0,0.02,19.0,0.17,0.9,25.1,39.0,3.9,0.1,False
RC.BH29.014,1367.0,rc,Shamkya,An1,498751.557,2144448.633,319.995,13.0,14.0,1.0,0.02,32.5,0.16,0.8,34.4,31.0,2.9,0.07,False
RC.BH29.015,1368.0,rc,Shamkya,An1,498751.557,2144448.633,318.995,14.0,15.0,1.0,0.01,9.9,0.19,0.81,62.2,88.0,5.8,0.07,False
RC.BH29.016,1369.0,rc,Shamkya,An1,498751.557,2144448.633,317.995,15.0,16.0,1.0,0.02,15.3,0.12,0.69,31.6,59.0,4.6,0.06,False
,1370.0,rc,Shamkya,An1,,,,,,,0.005,0.2,0.025,0.02,2.3,5.0,13.6,0.01,True
RC.BH29.017,1371.0,rc,Shamkya,An1,498751.557,2144448.633,316.995,16.0,17.0,1.0,0.01,3.6,0.06,0.53,64.5,112.0,10.2,0.08,False
RC.BH29.018,1372.0,rc,Shamkya,An1,498751.557,2144448.633,315.995,17.0,18.0,1.0,0.01,1.0,0.025,0.02,39.5,99.0,2.5,0.02,True
RC.BH29.019,1373.0,rc,Shamkya,An1,498751.557,2144448.633,314.995,18.0,19.0,1.0,0.005,0.6,0.05,0.05,37.7,94.0,3.5,0.03,True
RC.BH29.020,1374.0,rc,Shamkya,An1,498751.557,2144448.633,313.995,19.0,20.0,1.0,0.005,1.2,0.025,0.45,20.3,131.0,10.0,0.06,True
RC.BH29.021,1375.0,rc,Shamkya,An1,498751.557,2144448.633,312.995,20.0,21.0,1.0,0.005,13.8,0.11,0.72,32.0,57.0,4.8,0.05,True
,1376.0,rc,Shamkya,An1,,,,,,,0.01,1.7,0.05,0.42,48.2,90.0,12.2,0.06,False
RC.BH29.022,1377.0,rc,Shamkya,An1,498751.557,2144448.633,311.995,21.0,22.0,1.0,0.005,1.8,0.05,0.85,46.8,98.0,16.1,0.05,True
RC.BH29.023,1378.0,rc,Shamkya,An1,498751.557,2144448.633,310.995,22.0,23.0,1.0,0.005,1.0,0.05,0.33,50.2,104.0,13.1,0.05,True
RC.BH29.024,1379.0,rc,Shamkya,An1,498751.557,2144448.633,309.995,23.0,24.0,1.0,0.005,1.3,0.05,0.25,76.8,83.0,5.3,0.04,True
RC.BH29.025,1380.0,rc,Shamkya,An1,498751.557,2144448.633,308.995,24.0,25.0,1.0,0.005,4.4,0.09,0.35,41.4,76.0,9.5,0.06,True
RC.BH29.026,1381.0,rc,Shamkya,An1,498751.557,2144448.633,307.995,25.0,26.0,1.0,0.005,7.0,0.13,0.24,28.7,59.0,8.7,0.09,True
RC.BH29.027,1382.0,rc,Shamkya,An1,498751.557,2144448.633,306.995,26.0,27.0,1.0,0.01,18.1,0.29,1.58,103.5,66.0,7.3,0.16,False
RC.BH29.028,1383.0,rc,Shamkya,An1,498751.557,2144448.633,305.995,27.0,28.0,1.0,0.18,2.7,0.06,0.61,40.5,78.0,6.3,0.11,False
RC.BH29.029,1384.0,rc,Shamkya,An1,498751.557,2144448.633,304.995,28.0,29.0,1.0,0.01,21.7,0.53,0.76,29.0,80.0,27.6,0.37,False
RC.BH29.030,1385.0,rc,Shamkya,An1,498751.557,2144448.633,303.995,29.0,30.0,1.0,0.01,16.6,0.41,0.39,49.5,150.0,18.5,0.2,False
RC.BH29.031,1386.0,rc,Shamkya,An1,498751.557,2144448.633,302.995,30.0,31.0,1.0,0.005,3.2,0.15,0.03,69.2,55.0,1.2,0.02,True
RC.BH29.032,1387.0,rc,Shamkya,An1,498751.557,2144448.633,301.995,31.0,32.0,1.0,0.005,1.4,0.1,0.05,68.7,65.0,1.5,0.02,True
RC.BH29.033,1388.0,rc,Shamkya,An1,498751.557,2144448.633,300.995,32.0,33.0,1.0,0.005,1.4,0.1,1.72,74.7,74.0,2.9,0.03,True
RC.BH29.034,1389.0,rc,Shamkya,An1,498751.557,2144448.633,299.995,33.0,34.0,1.0,0.005,2.1,0.12,3.17,57.0,64.0,6.9,0.09,True
RC.BH29.035,1390.0,rc,Shamkya,An1,498751.557,2144448.633,298.995,34.0,35.0,1.0,0.005,2.8,0.1,0.21,100.0,89.0,2.5,0.06,True
RC.BH29.036,1391.0,rc,Shamkya,An1,498751.557,2144448.633,297.995,35.0,36.0,1.0,0.005,4.1,0.15,0.81,70.5,46.0,1.7,0.03,True
RC.BH29.037,1392.0,rc,Shamkya,An1,498751.557,2144448.633,296.995,36.0,37.0,1.0,0.005,2.7,0.11,0.04,88.4,29.0,0.5,0.03,True
RC.BH29.038,1393.0,rc,Shamkya,An1,498751.557,2144448.633,295.995,37.0,38.0,1.0,0.005,3.0,0.1,0.03,72.4,32.0,0.4,0.03,True
RC.BH29.039,1394.0,rc,Shamkya,An1,498751.557,2144448.633,294.995,38.0,39.0,1.0,0.005,1.7,0.09,0.1,96.0,89.0,0.6,0.05,True
RC.BH29.040,1395.0,rc,Shamkya,An1,498751.557,2144448.633,293.995,39.0,40.0,1.0,0.005,5.2,0.15,6.56,49.6,101.0,4.1,0.07,True
RC.BH29.041,1396.0,rc,Shamkya,An1,498751.557,2144448.633,292.995,40.0,41.0,1.0,0.005,2.6,0.09,2.94,11.1,120.0,10.7,0.05,True
RC.BH29.042,1397.0,rc,Shamkya,An1,498751.557,2144448.633,291.995,41.0,42.0,1.0,0.005,15.2,0.1,0.56,5.8,167.0,10.7,0.03,True
RC.BH29.043,1398.0,rc,Shamkya,An1,498751.557,2144448.633,290.995,42.0,43.0,1.0,0.01,12.9,0.14,0.52,18.5,83.0,10.9,0.04,False
RC.BH29.044,1399.0,rc,Shamkya,An1,498751.557,2144448.633,289.995,43.0,44.0,1.0,0.005,47.9,0.4,1.33,30.5,41.0,6.4,0.02,True
RC.BH29.045,1400.0,rc,Shamkya,An1,498751.557,2144448.633,288.995,44.0,45.0,1.0,0.005,47.8,0.25,1.65,12.4,22.0,0.8,0.01,True
,1401.0,rc,Shamkya,An1,,,,,,,0.005,7.9,0.14,0.88,7.2,11.0,0.8,0.02,True
RC.BH29.046,1402.0,rc,Shamkya,An1,498751.557,2144448.633,287.995,45.0,46.0,1.0,0.005,34.1,0.21,1.34,8.4,16.0,0.5,0.01,True
RC.BH29.047,1403.0,rc,Shamkya,An1,498751.557,2144448.633,286.995,46.0,47.0,1.0,0.005,9.7,0.13,0.59,3.3,11.0,0.6,0.01,True
RC.BH29.048,1404.0,rc,Shamkya,An1,498751.557,2144448.633,285.995,47.0,48.0,1.0,0.005,7.9,0.14,0.88,7.2,11.0,0.8,0.02,True
RC.BH29.049,1405.0,rc,Shamkya,An1,498751.557,2144448.633,284.995,48.0,49.0,1.0,0.005,0.9,0.05,0.82,14.3,3.0,0.7,0.02,True
RC.BH29.050,1406.0,rc,Shamkya,An1,498751.557,2144448.633,283.995,49.0,50.0,1.0,0.005,4.9,0.11,0.37,3.1,14.0,0.7,0.01,True
RC.BH30.002,1407.0,rc,Shamkya,An1,498529.0,2143725.0,331.0,2.0,3.0,1.0,0.005,2.0,0.24,0.09,5.8,84.0,7.7,0.14,True
RC.BH30.003,1408.0,rc,Shamkya,An1,498529.0,2143725.0,330.0,3.0,4.0,1.0,0.01,1.5,0.14,0.1,9.7,58.0,4.8,0.08,False
RC.BH30.004,1409.0,rc,Shamkya,An1,498529.0,2143725.0,329.0,4.0,5.0,1.0,0.02,0.9,0.06,0.12,4.7,46.0,2.7,0.02,False
RC.BH30.005,1410.0,rc,Shamkya,An1,498529.0,2143725.0,328.0,5.0,6.0,1.0,0.01,1.1,0.06,0.13,5.1,77.0,2.1,0.02,False
RC.BH30.006,1411.0,rc,Shamkya,An1,498529.0,2143725.0,327.0,6.0,7.0,1.0,0.005,1.4,0.07,0.11,6.6,92.0,2.6,0.04,True
RC.BH30.007,1412.0,rc,Shamkya,An1,498529.0,2143725.0,326.0,7.0,8.0,1.0,0.005,1.0,0.05,0.17,8.3,78.0,2.3,0.03,True
RC.BH30.008,1413.0,rc,Shamkya,An1,498529.0,2143725.0,325.0,8.0,9.0,1.0,0.005,0.9,0.07,0.24,4.5,52.0,2.5,0.03,True
RC.BH30.009,1414.0,rc,Shamkya,An1,498529.0,2143725.0,324.0,9.0,10.0,1.0,0.005,1.3,0.08,0.22,4.9,53.0,3.3,0.04,True
RC.BH30.010,1415.0,rc,Shamkya,An1,498529.0,2143725.0,323.0,10.0,11.0,1.0,0.005,1.2,0.08,0.11,6.2,107.0,8.9,0.04,True
RC.BH30.011,1416.0,rc,Shamkya,An1,498529.0,2143725.0,322.0,11.0,12.0,1.0,0.005,1.1,0.08,0.06,4.8,118.0,3.8,0.02,True
RC.BH30.012,1417.0,rc,Shamkya,An1,498529.0,2143725.0,321.0,12.0,13.0,1.0,0.005,0.9,0.08,0.1,4.9,92.0,3.6,0.02,True
RC.BH30.013,1418.0,rc,Shamkya,An1,498529.0,2143725.0,320.0,13.0,14.0,1.0,0.005,1.6,0.08,0.1,5.7,107.0,4.5,0.03,True
RC.BH30.014,1419.0,rc,Shamkya,An1,498529.0,2143725.0,319.0,14.0,15.0,1.0,0.005,0.9,0.07,0.11,3.0,87.0,3.7,0.02,True
RC.BH30.015,1420.0,rc,Shamkya,An1,498529.0,2143725.0,318.0,15.0,16.0,1.0,0.005,0.5,0.06,0.11,3.0,100.0,2.4,0.02,True
RC.BH30.016,1421.0,rc,Shamkya,An1,498529.0,2143725.0,317.0,16.0,17.0,1.0,0.005,1.2,0.06,0.07,4.2,74.0,3.2,0.03,True
RC.BH30.017,1422.0,rc,Shamkya,An1,498529.0,2143725.0,316.0,17.0,18.0,1.0,0.01,1.7,0.07,0.05,3.5,83.0,3.1,0.05,False
RC.BH30.018,1423.0,rc,Shamkya,An1,498529.0,2143725.0,315.0,18.0,19.0,1.0,0.02,9.3,0.16,0.63,4.1,105.0,4.7,0.1,False
,1424.0,rc,Shamkya,An1,,,,,,,0.005,0.2,0.025,0.02,2.2,4.0,11.7,0.01,True
RC.BH30.019,1425.0,rc,Shamkya,An1,498529.0,2143725.0,314.0,19.0,20.0,1.0,0.01,1.2,0.08,0.45,4.1,87.0,3.2,0.05,False
,1426.0,rc,Shamkya,An1,,,,,,,0.03,9.8,0.15,0.68,3.9,103.0,4.5,0.1,False
RC.BH30.020,1427.0,rc,Shamkya,An1,498529.0,2143725.0,313.0,20.0,21.0,1.0,0.005,0.8,0.07,0.15,6.6,94.0,3.4,0.03,True
RC.BH30.021,1428.0,rc,Shamkya,An1,498529.0,2143725.0,312.0,21.0,22.0,1.0,0.005,0.6,0.13,0.34,4.3,90.0,5.5,0.08,True
RC.BH30.022,1429.0,rc,Shamkya,An1,498529.0,2143725.0,311.0,22.0,23.0,1.0,0.005,1.0,0.18,0.18,2.6,126.0,6.3,0.09,True
RC.BH30.023,1430.0,rc,Shamkya,An1,498529.0,2143725.0,310.0,23.0,24.0,1.0,0.005,1.3,0.14,0.38,3.4,85.0,5.2,0.1,True
RC.BH30.024,1431.0,rc,Shamkya,An1,498529.0,2143725.0,309.0,24.0,25.0,1.0,0.005,1.3,0.16,0.17,3.1,57.0,5.6,0.06,True
RC.BH30.025,1432.0,rc,Shamkya,An1,498529.0,2143725.0,308.0,25.0,26.0,1.0,0.01,0.9,0.09,0.12,5.9,115.0,2.6,0.02,False
RC.BH30.026,1433.0,rc,Shamkya,An1,498529.0,2143725.0,307.0,26.0,27.0,1.0,0.005,4.3,0.11,0.29,20.8,113.0,5.9,0.06,True
RC.BH30.027,1434.0,rc,Shamkya,An1,498529.0,2143725.0,306.0,27.0,28.0,1.0,0.01,3.0,0.09,0.26,15.0,268.0,7.2,0.05,False
RC.BH30.028,1435.0,rc,Shamkya,An1,498529.0,2143725.0,305.0,28.0,29.0,1.0,0.005,1.9,0.09,0.24,12.7,201.0,10.7,0.05,True
RC.BH30.029,1436.0,rc,Shamkya,An1,498529.0,2143725.0,304.0,29.0,30.0,1.0,0.01,2.4,0.13,0.12,6.4,110.0,35.6,0.08,False
RC.BH30.030,1437.0,rc,Shamkya,An1,498529.0,2143725.0,303.0,30.0,31.0,1.0,0.005,2.3,0.14,0.07,5.4,98.0,6.1,0.04,True
RC.BH30.031,1438.0,rc,Shamkya,An1,498529.0,2143725.0,302.0,31.0,32.0,1.0,0.005,2.4,0.12,0.06,15.2,96.0,3.6,0.03,True
RC.BH30.032,1439.0,rc,Shamkya,An1,498529.0,2143725.0,301.0,32.0,33.0,1.0,0.005,2.0,0.15,0.13,31.5,129.0,3.6,0.02,True
RC.BH30.033,1440.0,rc,Shamkya,An1,498529.0,2143725.0,300.0,33.0,34.0,1.0,0.005,1.2,0.08,0.06,9.7,107.0,2.7,0.02,True
RC.BH30.034,1441.0,rc,Shamkya,An1,498529.0,2143725.0,299.0,34.0,35.0,1.0,0.005,0.4,0.05,0.04,6.9,94.0,2.6,0.01,True
RC.BH30.035,1442.0,rc,Shamkya,An1,498529.0,2143725.0,298.0,35.0,36.0,1.0,0.005,1.4,0.07,0.07,4.6,101.0,2.6,0.02,True
RC.BH30.036,1443.0,rc,Shamkya,An1,498529.0,2143725.0,297.0,36.0,37.0,1.0,0.005,1.6,0.06,0.16,6.7,92.0,3.5,0.02,True
RC.BH30.037,1444.0,rc,Shamkya,An1,498529.0,2143725.0,296.0,37.0,38.0,1.0,0.005,2.5,0.14,0.15,5.2,80.0,3.6,0.04,True
RC.BH30.038,1445.0,rc,Shamkya,An1,498529.0,2143725.0,295.0,38.0,39.0,1.0,0.005,2.1,0.1,0.03,5.0,77.0,2.4,0.03,True
RC.BH31.025,1446.0,rc,Shamkya,An1,498478.0,2143763.0,309.0,24.0,25.0,1.0,0.005,0.6,0.07,0.09,5.2,105.0,4.2,0.02,True
RC.BH31.026,1447.0,rc,Shamkya,An1,498478.0,2143763.0,308.0,25.0,26.0,1.0,0.005,0.7,0.05,0.1,2.8,116.0,3.7,0.02,True
RC.BH31.027,1448.0,rc,Shamkya,An1,498478.0,2143763.0,307.0,26.0,27.0,1.0,0.005,0.6,0.05,0.11,5.2,91.0,2.6,0.02,True
RC.BH31.028,1449.0,rc,Shamkya,An1,498478.0,2143763.0,306.0,27.0,28.0,1.0,0.005,0.5,0.05,0.08,5.0,111.0,3.3,0.02,True
RC.BH31.029,1450.0,rc,Shamkya,An1,498478.0,2143763.0,305.0,28.0,29.0,1.0,0.005,0.4,0.05,0.08,3.2,96.0,3.8,0.02,True
,1451.0,rc,Shamkya,An1,,,,,,,0.21,149.0,0.24,42.8,177.0,55.0,6.6,0.57,False
RC.BH31.030,1452.0,rc,Shamkya,An1,498478.0,2143763.0,304.0,29.0,30.0,1.0,0.005,0.9,0.08,0.16,4.2,183.0,4.7,0.03,True
RC.BH31.031,1453.0,rc,Shamkya,An1,498478.0,2143763.0,303.0,30.0,31.0,1.0,0.005,0.8,0.07,0.05,4.3,123.0,5.1,0.02,True
RC.BH31.032,1454.0,rc,Shamkya,An1,498478.0,2143763.0,302.0,31.0,32.0,1.0,0.005,0.5,0.06,0.04,4.2,117.0,5.7,0.03,True
RC.BH31.033,1455.0,rc,Shamkya,An1,498478.0,2143763.0,301.0,32.0,33.0,1.0,0.005,0.5,0.06,0.05,3.0,144.0,5.6,0.03,True
RC.BH31.034,1456.0,rc,Shamkya,An1,498478.0,2143763.0,300.0,33.0,34.0,1.0,0.005,0.7,0.06,0.04,175.0,97.0,4.6,0.02,True
RC.BH31.035,1457.0,rc,Shamkya,An1,498478.0,2143763.0,299.0,34.0,35.0,1.0,0.24,149.5,0.22,41.2,187.5,58.0,6.5,0.62,False
,1458.0,rc,Shamkya,An1,,,,,,,0.005,0.5,0.025,0.1,2.0,4.0,11.4,0.01,True
RC.BH31.036,1459.0,rc,Shamkya,An1,498478.0,2143763.0,298.0,35.0,36.0,1.0,0.01,26.9,0.14,0.84,303.0,100.0,4.4,0.08,False
RC.BH31.037,1460.0,rc,Shamkya,An1,498478.0,2143763.0,297.0,36.0,37.0,1.0,0.005,0.9,0.1,0.2,59.1,107.0,4.9,0.03,True
RC.BH31.038,1461.0,rc,Shamkya,An1,498478.0,2143763.0,296.0,37.0,38.0,1.0,0.01,0.9,0.1,0.17,3.3,58.0,3.9,0.03,False
RC.BH31.039,1462.0,rc,Shamkya,An1,498478.0,2143763.0,295.0,38.0,39.0,1.0,0.005,0.6,0.06,0.1,4.3,72.0,3.3,0.03,True
RC.BH31.040,1463.0,rc,Shamkya,An1,498478.0,2143763.0,294.0,39.0,40.0,1.0,0.005,0.9,0.07,0.06,3.8,40.0,9.7,0.04,True
RC.BH31.041,1464.0,rc,Shamkya,An1,498478.0,2143763.0,293.0,40.0,41.0,1.0,0.005,0.9,0.08,0.09,4.3,85.0,5.0,0.03,True
RC.BH31.042,1465.0,rc,Shamkya,An1,498478.0,2143763.0,292.0,41.0,42.0,1.0,0.005,0.9,0.1,0.12,7.5,119.0,6.0,0.04,True
RC.BH31.043,1466.0,rc,Shamkya,An1,498478.0,2143763.0,291.0,42.0,43.0,1.0,0.005,1.0,0.07,0.08,5.8,96.0,5.1,0.02,True
RC.BH31.044,1467.0,rc,Shamkya,An1,498478.0,2143763.0,290.0,43.0,44.0,1.0,0.005,1.0,0.12,0.11,7.6,92.0,9.6,0.03,True
RC.BH31.045,1468.0,rc,Shamkya,An1,498478.0,2143763.0,289.0,44.0,45.0,1.0,0.005,3.0,0.13,0.11,7.2,113.0,5.4,0.03,True
RC.BH31.046,1469.0,rc,Shamkya,An1,498478.0,2143763.0,288.0,45.0,46.0,1.0,0.005,2.8,0.09,0.09,4.1,118.0,12.8,0.04,True
RC.BH31.047,1470.0,rc,Shamkya,An1,498478.0,2143763.0,287.0,46.0,47.0,1.0,0.005,1.5,0.07,0.04,3.3,78.0,5.5,0.02,True
RC.BH31.048,1471.0,rc,Shamkya,An1,498478.0,2143763.0,286.0,47.0,48.0,1.0,0.005,2.2,0.12,0.05,3.7,91.0,3.8,0.02,True
RC.BH31.049,1472.0,rc,Shamkya,An1,498478.0,2143763.0,285.0,48.0,49.0,1.0,0.005,4.8,0.18,0.05,3.7,79.0,3.3,0.03,True
RC.BH31.050,1473.0,rc,Shamkya,An1,498478.0,2143763.0,284.0,49.0,50.0,1.0,0.01,4.7,0.22,0.06,2.8,84.0,3.1,0.04,False
RC.BH31.051,1474.0,rc,Shamkya,An1,498478.0,2143763.0,283.0,50.0,51.0,1.0,0.005,2.5,0.16,0.06,4.5,71.0,2.5,0.03,True
RC.BH31.052,1475.0,rc,Shamkya,An1,498478.0,2143763.0,282.0,51.0,52.0,1.0,0.005,0.9,0.08,0.04,3.3,84.0,2.2,0.02,True
,1476.0,rc,Shamkya,An1,,,,,,,0.005,2.0,0.12,0.05,3.7,92.0,3.7,0.02,True
RC.BH31.053,1477.0,rc,Shamkya,An1,498478.0,2143763.0,281.0,52.0,53.0,1.0,0.005,0.5,0.05,0.03,1.9,107.0,2.0,0.02,True
RC.BH31.054,1478.0,rc,Shamkya,An1,498478.0,2143763.0,280.0,53.0,54.0,1.0,0.005,0.5,0.05,0.02,4.2,102.0,2.6,0.01,True
RC.BH31.055,1479.0,rc,Shamkya,An1,498478.0,2143763.0,279.0,54.0,55.0,1.0,0.005,0.5,0.07,0.03,5.2,90.0,3.6,0.01,True
RC.BH31.056,1480.0,rc,Shamkya,An1,498478.0,2143763.0,278.0,55.0,56.0,1.0,0.05,5.5,0.12,0.32,7.8,579.0,256.0,0.27,False
RC.BH31.057,1481.0,rc,Shamkya,An1,498478.0,2143763.0,277.0,56.0,57.0,1.0,0.005,0.5,0.07,0.06,1.9,106.0,4.7,0.03,True
RC.BH31.058,1482.0,rc,Shamkya,An1,498478.0,2143763.0,276.0,57.0,58.0,1.0,0.005,0.6,0.07,0.04,3.7,99.0,3.7,0.04,True
RC.BH31.059,1483.0,rc,Shamkya,An1,498478.0,2143763.0,275.0,58.0,59.0,1.0,0.005,0.3,0.07,0.04,4.9,110.0,2.7,0.02,True
RC.BH32.017,1484.0,rc,Shamkya,An1,498463.0,2143813.0,314.0,17.0,18.0,1.0,0.005,0.8,0.07,0.03,3.4,129.0,3.3,0.02,True
RC.BH32.018,1485.0,rc,Shamkya,An1,498463.0,2143813.0,313.0,18.0,19.0,1.0,0.005,0.8,0.07,0.06,4.3,107.0,2.8,0.02,True
RC.BH32.019,1486.0,rc,Shamkya,An1,498463.0,2143813.0,312.0,19.0,20.0,1.0,0.005,0.5,0.07,0.11,3.5,102.0,2.0,0.02,True
RC.BH32.020,1487.0,rc,Shamkya,An1,498463.0,2143813.0,311.0,20.0,21.0,1.0,0.005,0.7,0.05,0.1,4.7,100.0,2.2,0.02,True
RC.BH32.021,1488.0,rc,Shamkya,An1,498463.0,2143813.0,310.0,21.0,22.0,1.0,0.005,1.0,0.06,0.22,8.4,120.0,2.9,0.02,True
RC.BH32.022,1489.0,rc,Shamkya,An1,498463.0,2143813.0,309.0,22.0,23.0,1.0,0.005,1.8,0.08,0.08,3.2,101.0,2.6,0.02,True
RC.BH32.023,1490.0,rc,Shamkya,An1,498463.0,2143813.0,308.0,23.0,24.0,1.0,0.02,1.1,0.07,0.12,5.0,97.0,2.9,0.02,False
RC.BH32.024,1491.0,rc,Shamkya,An1,498463.0,2143813.0,307.0,24.0,25.0,1.0,0.005,0.3,0.06,0.07,3.5,100.0,3.5,0.01,True
RC.BH32.025,1492.0,rc,Shamkya,An1,498463.0,2143813.0,306.0,25.0,26.0,1.0,0.005,0.5,0.025,0.03,4.2,100.0,3.5,0.02,True
RC.BH32.026,1493.0,rc,Shamkya,An1,498463.0,2143813.0,305.0,26.0,27.0,1.0,0.01,0.6,0.08,0.03,4.4,105.0,3.9,0.02,False
RC.BH32.027,1494.0,rc,Shamkya,An1,498463.0,2143813.0,304.0,27.0,28.0,1.0,0.005,0.8,0.07,0.09,5.6,106.0,5.2,0.03,True
RC.BH32.028,1495.0,rc,Shamkya,An1,498463.0,2143813.0,303.0,28.0,29.0,1.0,0.01,31.7,0.13,0.65,20.7,63.0,3.5,0.06,False
RC.BH32.029,1496.0,rc,Shamkya,An1,498463.0,2143813.0,302.0,29.0,30.0,1.0,0.01,18.8,0.14,1.02,11.3,74.0,2.8,0.06,False
,1497.0,rc,Shamkya,An1,,,,,,,0.005,0.2,0.025,0.02,4.3,4.0,15.8,0.01,True
RC.BH32.030,1498.0,rc,Shamkya,An1,498463.0,2143813.0,301.0,30.0,31.0,1.0,0.01,1.6,0.1,0.16,12.0,47.0,3.4,0.03,False
RC.BH32.031,1499.0,rc,Shamkya,An1,498463.0,2143813.0,300.0,31.0,32.0,1.0,0.02,1.6,0.12,0.33,5.4,31.0,2.6,0.03,False
RC.BH32.032,1500.0,rc,Shamkya,An1,498463.0,2143813.0,299.0,32.0,33.0,1.0,0.02,1.1,0.13,0.26,5.5,61.0,4.8,0.03,False
,1501.0,rc,Shamkya,An1,,,,,,,0.005,15.8,0.16,1.0,11.3,71.0,3.1,0.06,True
RC.BH32.033,1502.0,rc,Shamkya,An1,498463.0,2143813.0,298.0,33.0,34.0,1.0,0.005,0.7,0.12,0.11,6.6,77.0,5.8,0.03,True
RC.BH32.034,1503.0,rc,Shamkya,An1,498463.0,2143813.0,297.0,34.0,35.0,1.0,0.005,0.6,0.08,0.07,5.6,82.0,5.9,0.02,True
RC.BH32.035,1504.0,rc,Shamkya,An1,498463.0,2143813.0,296.0,35.0,36.0,1.0,0.005,1.1,0.12,0.12,6.5,116.0,6.5,0.02,True
RC.BH32.036,1505.0,rc,Shamkya,An1,498463.0,2143813.0,295.0,36.0,37.0,1.0,0.005,0.8,0.11,0.13,7.1,84.0,6.0,0.03,True
RC.BH32.037,1506.0,rc,Shamkya,An1,498463.0,2143813.0,294.0,37.0,38.0,1.0,0.005,1.2,0.09,0.17,11.0,212.0,6.1,0.03,True
RC.BH32.038,1507.0,rc,Shamkya,An1,498463.0,2143813.0,293.0,38.0,39.0,1.0,0.005,2.3,0.09,0.13,15.7,282.0,4.5,0.04,True
RC.BH32.039,1508.0,rc,Shamkya,An1,498463.0,2143813.0,292.0,39.0,40.0,1.0,0.005,0.6,0.07,0.06,7.6,96.0,3.7,0.02,True
RC.BH32.040,1509.0,rc,Shamkya,An1,498463.0,2143813.0,291.0,40.0,41.0,1.0,0.005,0.8,0.07,0.06,5.8,100.0,3.8,0.03,True
RC.BH33.003,1511.0,rc,Shamkya,An1,498873.265,2144331.787,333.948,2.0,3.0,1.0,0.8,12.6,0.6,3.53,327.0,120.0,120.0,1.11,False
RC.BH33.004,1512.0,rc,Shamkya,An1,498873.265,2144331.787,332.948,3.0,4.0,1.0,0.44,12.6,0.57,1.27,317.0,136.0,10.9,0.7,False
RC.BH33.005,1513.0,rc,Shamkya,An1,498873.265,2144331.787,331.948,4.0,5.0,1.0,0.22,47.1,0.54,0.78,87.8,77.0,7.4,0.31,False
RC.BH33.006,1514.0,rc,Shamkya,An1,498873.265,2144331.787,330.948,5.0,6.0,1.0,0.93,40.9,0.75,1.63,96.5,76.0,23.5,0.74,False
RC.BH33.007,1515.0,rc,Shamkya,An1,498873.265,2144331.787,329.948,6.0,7.0,1.0,0.1,5.7,0.26,0.3,106.5,137.0,17.6,0.29,False
RC.BH33.008,1516.0,rc,Shamkya,An1,498873.265,2144331.787,328.948,7.0,8.0,1.0,0.05,1.6,0.09,0.12,30.1,82.0,5.7,0.33,False
RC.BH33.009,1517.0,rc,Shamkya,An1,498873.265,2144331.787,327.948,8.0,9.0,1.0,0.07,1.8,0.23,0.19,44.9,70.0,8.4,0.23,False
RC.BH33.010,1518.0,rc,Shamkya,An1,498873.265,2144331.787,326.948,9.0,10.0,1.0,0.03,2.1,0.13,0.08,62.8,135.0,5.4,0.08,False
RC.BH33.011,1519.0,rc,Shamkya,An1,498873.265,2144331.787,325.948,10.0,11.0,1.0,0.06,2.0,0.1,0.07,67.3,144.0,6.6,0.11,False
RC.BH33.012,1520.0,rc,Shamkya,An1,498873.265,2144331.787,324.948,11.0,12.0,1.0,0.04,2.7,0.14,0.07,86.2,159.0,21.2,0.11,False
RC.BH33.013,1521.0,rc,Shamkya,An1,498873.265,2144331.787,323.948,12.0,13.0,1.0,0.03,1.8,0.11,0.19,46.4,105.0,9.7,0.1,False
RC.BH33.014,1522.0,rc,Shamkya,An1,498873.265,2144331.787,322.948,13.0,14.0,1.0,0.01,0.9,0.15,0.19,28.8,96.0,4.0,0.06,False
RC.BH33.015,1523.0,rc,Shamkya,An1,498873.265,2144331.787,321.948,14.0,15.0,1.0,0.02,1.3,0.16,0.12,66.2,105.0,5.6,0.1,False
RC.BH33.016,1524.0,rc,Shamkya,An1,498873.265,2144331.787,320.948,15.0,16.0,1.0,0.01,2.0,0.26,0.13,20.0,65.0,8.3,0.22,False
RC.BH33.017,1525.0,rc,Shamkya,An1,498873.265,2144331.787,319.948,16.0,17.0,1.0,0.005,2.7,0.24,0.04,8.2,92.0,6.0,0.07,True
,1526.0,rc,Shamkya,An1,,,,,,,0.95,36.3,0.66,1.6,85.9,78.0,20.8,0.77,False
RC.BH33.018,1527.0,rc,Shamkya,An1,498873.265,2144331.787,318.948,17.0,18.0,1.0,0.01,3.2,0.24,0.06,15.6,96.0,6.1,0.12,False
RC.BH33.019,1528.0,rc,Shamkya,An1,498873.265,2144331.787,317.948,18.0,19.0,1.0,0.01,2.1,0.16,0.06,6.2,92.0,4.7,0.07,False
RC.BH33.020,1529.0,rc,Shamkya,An1,498873.265,2144331.787,316.948,19.0,20.0,1.0,0.01,0.8,0.13,0.05,5.0,66.0,4.3,0.06,False
RC.BH33.021,1530.0,rc,Shamkya,An1,498873.265,2144331.787,315.948,20.0,21.0,1.0,0.01,3.4,0.19,0.04,4.9,82.0,4.3,0.07,False
RC.BH33.022,1531.0,rc,Shamkya,An1,498873.265,2144331.787,314.948,21.0,22.0,1.0,0.01,3.3,0.25,0.06,9.1,72.0,5.9,0.11,False
RC.BH33.023,1532.0,rc,Shamkya,An1,498873.265,2144331.787,313.948,22.0,23.0,1.0,0.01,2.9,0.17,0.07,4.4,75.0,5.1,0.06,False
RC.BH33.024,1533.0,rc,Shamkya,An1,498873.265,2144331.787,312.948,23.0,24.0,1.0,0.01,1.9,0.09,0.08,4.5,127.0,5.2,0.04,False
RC.BH33.025,1534.0,rc,Shamkya,An1,498873.265,2144331.787,311.948,24.0,25.0,1.0,0.01,0.6,0.06,0.04,2.7,69.0,5.0,0.02,False
RC.BH33.026,1535.0,rc,Shamkya,An1,498873.265,2144331.787,310.948,25.0,26.0,1.0,0.005,0.6,0.05,0.1,14.4,121.0,4.8,0.02,True
RC.BH33.027,1536.0,rc,Shamkya,An1,498873.265,2144331.787,309.948,26.0,27.0,1.0,0.005,0.7,0.07,0.11,3.3,123.0,3.6,0.01,True
RC.BH33.028,1537.0,rc,Shamkya,An1,498873.265,2144331.787,308.948,27.0,28.0,1.0,0.01,1.1,0.07,0.09,2.0,107.0,2.9,0.01,False
RC.BH33.029,1538.0,rc,Shamkya,An1,498873.265,2144331.787,307.948,28.0,29.0,1.0,0.01,0.6,0.07,0.05,1.4,101.0,4.3,0.03,False
RC.BH33.030,1539.0,rc,Shamkya,An1,498873.265,2144331.787,306.948,29.0,30.0,1.0,0.005,0.5,0.07,0.05,4.4,98.0,4.0,0.03,True
RC.BH33.031,1540.0,rc,Shamkya,An1,498873.265,2144331.787,305.948,30.0,31.0,1.0,0.005,0.9,0.09,0.12,23.1,126.0,3.7,0.03,True
RC.BH33.032,1541.0,rc,Shamkya,An1,498873.265,2144331.787,304.948,31.0,32.0,1.0,0.005,0.6,0.07,0.04,3.8,100.0,2.7,0.02,True
RC.BH33.033,1542.0,rc,Shamkya,An1,498873.265,2144331.787,303.948,32.0,33.0,1.0,0.005,1.0,0.07,0.04,2.0,125.0,2.7,0.02,True
RC.BH33.034,1543.0,rc,Shamkya,An1,498873.265,2144331.787,302.948,33.0,34.0,1.0,0.005,0.7,0.07,0.03,1.6,120.0,2.8,0.02,True
RC.BH33.035,1544.0,rc,Shamkya,An1,498873.265,2144331.787,301.948,34.0,35.0,1.0,0.005,1.3,0.08,0.03,1.4,117.0,3.0,0.02,True
RC.BH33.036,1545.0,rc,Shamkya,An1,498873.265,2144331.787,300.948,35.0,36.0,1.0,0.005,1.4,0.1,0.06,11.2,49.0,5.1,0.03,True
RC.BH34.001,1546.0,rc,Shamkya,An1,498909.748,2144331.658,336.872,0.0,1.0,1.0,1.31,28.1,0.29,3.35,31.4,55.0,26.6,1.4,False
,1547.0,rc,Shamkya,An1,,,,,,,0.005,0.3,0.05,0.03,1.9,3.0,13.0,0.01,True
RC.BH34.002,1548.0,rc,Shamkya,An1,498909.748,2144331.658,335.872,1.0,2.0,1.0,0.15,8.9,0.15,0.49,11.9,99.0,7.4,0.08,False
RC.BH34.003,1549.0,rc,Shamkya,An1,498909.748,2144331.658,334.872,2.0,3.0,1.0,0.01,1.4,0.12,0.19,32.8,121.0,5.3,0.05,False
RC.BH34.004,1550.0,rc,Shamkya,An1,498909.748,2144331.658,333.872,3.0,4.0,1.0,0.01,5.5,0.17,0.38,9.8,62.0,4.5,0.05,False
,1551.0,rc,Shamkya,An1,,,,,,,3.63,28.6,0.32,2.95,31.5,55.0,27.4,0.69,False
RC.BH34.005,1552.0,rc,Shamkya,An1,498909.748,2144331.658,332.872,4.0,5.0,1.0,0.05,22.3,0.35,2.25,19.0,36.0,6.1,0.06,False
RC.BH34.006,1553.0,rc,Shamkya,An1,498909.748,2144331.658,331.872,5.0,6.0,1.0,0.02,3.8,0.13,0.53,26.4,116.0,9.4,0.05,False
RC.BH34.007,1554.0,rc,Shamkya,An1,498909.748,2144331.658,330.872,6.0,7.0,1.0,0.02,1.8,0.15,0.32,11.4,71.0,5.7,0.06,False
RC.BH34.008,1555.0,rc,Shamkya,An1,498909.748,2144331.658,329.872,7.0,8.0,1.0,0.005,1.0,0.11,0.38,12.9,94.0,3.4,0.03,True
RC.BH34.009,1556.0,rc,Shamkya,An1,498909.748,2144331.658,328.872,8.0,9.0,1.0,0.005,0.9,0.1,0.07,5.4,120.0,4.0,0.02,True
RC.BH34.010,1557.0,rc,Shamkya,An1,498909.748,2144331.658,327.872,9.0,10.0,1.0,0.01,1.0,0.1,0.1,9.7,103.0,4.2,0.04,False
RC.BH34.011,1558.0,rc,Shamkya,An1,498909.748,2144331.658,326.872,10.0,11.0,1.0,0.005,0.8,0.11,0.09,6.8,113.0,3.4,0.02,True
RC.BH34.012,1559.0,rc,Shamkya,An1,498909.748,2144331.658,325.872,11.0,12.0,1.0,0.005,1.0,0.11,0.06,12.6,111.0,3.5,0.03,True
RC.BH34.013,1560.0,rc,Shamkya,An1,498909.748,2144331.658,324.872,12.0,13.0,1.0,0.01,1.1,0.1,0.07,7.9,111.0,3.1,0.03,False
RC.BH34.014,1561.0,rc,Shamkya,An1,498909.748,2144331.658,323.872,13.0,14.0,1.0,0.02,1.3,0.14,0.13,20.0,93.0,3.7,0.05,False
RC.BH34.015,1562.0,rc,Shamkya,An1,498909.748,2144331.658,322.872,14.0,15.0,1.0,0.08,3.0,0.15,0.23,40.6,90.0,3.5,0.03,False
RC.BH34.016,1563.0,rc,Shamkya,An1,498909.748,2144331.658,321.872,15.0,16.0,1.0,0.01,5.1,0.18,0.65,47.4,116.0,6.2,0.06,False
RC.BH34.017,1564.0,rc,Shamkya,An1,498909.748,2144331.658,320.872,16.0,17.0,1.0,0.005,1.1,0.1,0.15,10.2,103.0,3.7,0.05,True
RC.BH34.018,1565.0,rc,Shamkya,An1,498909.748,2144331.658,319.872,17.0,18.0,1.0,0.01,1.6,0.13,0.12,7.2,70.0,3.1,0.05,False
RC.BH34.019,1566.0,rc,Shamkya,An1,498909.748,2144331.658,318.872,18.0,19.0,1.0,0.33,13.7,0.36,1.34,60.7,52.0,9.2,0.2,False
RC.BH34.020,1567.0,rc,Shamkya,An1,498909.748,2144331.658,317.872,19.0,20.0,1.0,0.85,22.4,0.63,3.17,247.0,85.0,48.4,0.58,False
RC.BH34.021,1568.0,rc,Shamkya,An1,498909.748,2144331.658,316.872,20.0,21.0,1.0,0.26,16.1,0.3,0.97,169.5,93.0,13.9,0.18,False
RC.BH34.022,1569.0,rc,Shamkya,An1,498909.748,2144331.658,315.872,21.0,22.0,1.0,0.12,2.0,0.28,0.24,44.2,82.0,11.8,0.15,False
RC.BH34.023,1570.0,rc,Shamkya,An1,498909.748,2144331.658,314.872,22.0,23.0,1.0,0.04,2.1,0.18,0.16,27.2,69.0,12.1,0.11,False
RC.BH34.024,1571.0,rc,Shamkya,An1,498909.748,2144331.658,313.872,23.0,24.0,1.0,0.04,2.7,0.16,0.28,54.1,69.0,8.5,0.1,False
RC.BH34.025,1572.0,rc,Shamkya,An1,498909.748,2144331.658,312.872,24.0,25.0,1.0,0.005,0.9,0.14,0.07,10.6,73.0,4.5,0.03,True
RC.BH34.026,1573.0,rc,Shamkya,An1,498909.748,2144331.658,311.872,25.0,26.0,1.0,0.04,1.0,0.2,0.11,3.5,76.0,7.8,0.05,False
RC.BH34.027,1574.0,rc,Shamkya,An1,498909.748,2144331.658,310.872,26.0,27.0,1.0,0.04,2.6,0.19,0.14,4.2,93.0,9.3,0.06,False
RC.BH34.028,1575.0,rc,Shamkya,An1,498909.748,2144331.658,309.872,27.0,28.0,1.0,0.04,2.8,0.34,0.13,4.3,99.0,5.6,0.06,False
,1576.0,rc,Shamkya,An1,,,,,,,0.01,3.9,0.15,0.41,10.9,61.0,5.5,0.03,False
RC.BH34.029,1577.0,rc,Shamkya,An1,498909.748,2144331.658,308.872,28.0,29.0,1.0,0.005,0.8,0.1,0.1,8.8,107.0,3.4,0.03,True
RC.BH34.030,1578.0,rc,Shamkya,An1,498909.748,2144331.658,307.872,29.0,30.0,1.0,0.01,1.1,0.12,0.07,3.5,81.0,5.3,0.02,False
RC.BH35.007,1579.0,rc,Shamkya,An1,498956.423,2144288.232,325.342,8.0,9.0,1.0,,3.4,0.15,1.35,19.7,105.0,8.1,0.02,False
RC.BH35.008,1580.0,rc,Shamkya,An1,498956.423,2144288.232,324.342,9.0,10.0,1.0,,1.3,0.13,0.57,17.7,118.0,6.3,0.02,False
RC.BH35.009,1581.0,rc,Shamkya,An1,498956.423,2144288.232,323.342,10.0,11.0,1.0,0.005,0.5,0.09,0.11,1.9,136.0,4.2,0.01,True
RC.BH35.010,1582.0,rc,Shamkya,An1,498956.423,2144288.232,322.342,11.0,12.0,1.0,0.005,1.1,0.18,0.11,37.9,107.0,4.9,0.02,True
RC.BH35.011,1583.0,rc,Shamkya,An1,498956.423,2144288.232,321.342,12.0,13.0,1.0,0.005,0.8,0.11,0.07,2.3,118.0,4.7,0.01,True
RC.BH35.012,1584.0,rc,Shamkya,An1,498956.423,2144288.232,320.342,13.0,14.0,1.0,0.01,2.2,0.18,0.26,30.3,104.0,8.1,0.04,False
RC.BH35.013,1585.0,rc,Shamkya,An1,498956.423,2144288.232,319.342,14.0,15.0,1.0,,47.5,0.57,8.99,99.1,82.0,10.3,0.35,False
,1586.0,rc,Shamkya,An1,,,,,,,0.02,0.2,0.07,0.24,8.1,3.0,11.5,0.04,False
RC.BH35.014,1587.0,rc,Shamkya,An1,498956.423,2144288.232,318.342,15.0,16.0,1.0,20.6,121.5,0.88,10.2,88.2,52.0,9.4,4.57,False
RC.BH35.015,1588.0,rc,Shamkya,An1,498956.423,2144288.232,317.342,16.0,17.0,1.0,,1.5,0.11,0.38,6.9,82.0,5.6,0.05,False
RC.BH35.016,1589.0,rc,Shamkya,An1,498956.423,2144288.232,316.342,17.0,18.0,1.0,0.02,34.5,0.75,1.44,73.4,56.0,64.3,0.28,False
RC.BH35.017,1590.0,rc,Shamkya,An1,498956.423,2144288.232,315.342,18.0,19.0,1.0,0.005,0.8,0.12,0.55,21.4,91.0,8.6,0.03,True
RC.BH35.018,1591.0,rc,Shamkya,An1,498956.423,2144288.232,314.342,19.0,20.0,1.0,0.005,1.2,0.12,1.07,16.0,99.0,12.3,0.07,True
RC.BH35.019,1592.0,rc,Shamkya,An1,498956.423,2144288.232,313.342,20.0,21.0,1.0,0.03,5.6,0.14,1.67,18.6,38.0,5.9,0.06,False
RC.BH35.020,1593.0,rc,Shamkya,An1,498956.423,2144288.232,312.342,21.0,22.0,1.0,0.005,0.8,0.08,0.55,11.8,76.0,4.4,0.02,True
RC.BH35.021,1594.0,rc,Shamkya,An1,498956.423,2144288.232,311.342,22.0,23.0,1.0,0.005,0.8,0.1,0.7,13.2,84.0,5.3,0.04,True
RC.BH35.022,1595.0,rc,Shamkya,An1,498956.423,2144288.232,310.342,23.0,24.0,1.0,0.01,1.6,0.1,0.77,24.9,39.0,12.4,0.05,False
RC.BH35.023,1596.0,rc,Shamkya,An1,498956.423,2144288.232,309.342,24.0,25.0,1.0,0.005,1.2,0.1,0.83,5.4,77.0,7.5,0.14,True
RC.BH35.024,1597.0,rc,Shamkya,An1,498956.423,2144288.232,308.342,25.0,26.0,1.0,0.005,2.2,0.23,0.85,27.5,90.0,16.0,0.13,True
RC.BH35.025,1598.0,rc,Shamkya,An1,498956.423,2144288.232,307.342,26.0,27.0,1.0,0.005,1.3,0.12,0.74,25.9,101.0,7.9,0.05,True
RC.BH35.026,1599.0,rc,Shamkya,An1,498956.423,2144288.232,306.342,27.0,28.0,1.0,0.005,0.9,0.09,0.25,14.0,127.0,15.8,0.03,True
RC.BH35.027,1600.0,rc,Shamkya,An1,498956.423,2144288.232,305.342,28.0,29.0,1.0,1.75,0.5,0.1,0.47,8.7,82.0,9.0,0.05,False
,1601.0,rc,Shamkya,An1,,,,,,,1.54,39.4,0.61,8.05,84.8,60.0,12.0,0.42,False
RC.BH35.028,1602.0,rc,Shamkya,An1,498956.423,2144288.232,304.342,29.0,30.0,1.0,0.005,0.7,0.1,0.29,14.3,125.0,11.8,0.05,True
RC.BH35.029,1603.0,rc,Shamkya,An1,498956.423,2144288.232,303.342,30.0,31.0,1.0,0.005,1.0,0.13,0.53,15.5,73.0,18.8,0.14,True
RC.BH35.030,1604.0,rc,Shamkya,An1,498956.423,2144288.232,302.342,31.0,32.0,1.0,0.005,0.7,0.1,0.5,3.9,138.0,4.6,0.03,True
RC.BH35.031,1605.0,rc,Shamkya,An1,498956.423,2144288.232,301.342,32.0,33.0,1.0,0.005,1.2,0.12,0.52,15.4,118.0,14.1,0.05,True
RC.BH35.032,1606.0,rc,Shamkya,An1,498956.423,2144288.232,300.342,33.0,34.0,1.0,0.005,0.7,0.08,0.15,5.3,110.0,3.7,0.03,True
RC.BH35.033,1607.0,rc,Shamkya,An1,498956.423,2144288.232,299.342,34.0,35.0,1.0,0.01,3.7,0.08,0.64,29.5,92.0,5.8,0.06,False
RC.BH35.034,1608.0,rc,Shamkya,An1,498956.423,2144288.232,298.342,35.0,36.0,1.0,0.8,10.8,0.14,3.22,37.9,69.0,55.3,0.72,False
RC.BH35.035,1609.0,rc,Shamkya,An1,498956.423,2144288.232,297.342,36.0,37.0,1.0,0.02,2.1,0.12,0.27,16.2,121.0,18.2,0.08,False
RC.BH35.036,1610.0,rc,Shamkya,An1,498956.423,2144288.232,296.342,37.0,38.0,1.0,0.19,3.9,0.16,0.97,20.5,179.0,52.4,0.23,False
RC.BH35.037,1611.0,rc,Shamkya,An1,498956.423,2144288.232,295.342,38.0,39.0,1.0,0.005,1.2,0.1,0.18,11.5,121.0,5.0,0.07,True
RC.BH35.038,1612.0,rc,Shamkya,An1,498956.423,2144288.232,294.342,39.0,40.0,1.0,0.005,0.9,0.08,0.16,12.7,119.0,3.4,0.04,True
RC.BH35.039,1613.0,rc,Shamkya,An1,498956.423,2144288.232,293.342,40.0,41.0,1.0,0.005,0.9,0.08,0.11,7.5,120.0,3.0,0.04,True
RC.BH35.040,1614.0,rc,Shamkya,An1,498956.423,2144288.232,292.342,41.0,42.0,1.0,0.005,1.5,0.18,0.38,43.3,133.0,84.4,0.13,True
RC.BH35.041,1615.0,rc,Shamkya,An1,498956.423,2144288.232,291.342,42.0,43.0,1.0,0.19,10.1,0.24,1.27,60.8,154.0,45.1,0.2,False
RC.BH35.042,1616.0,rc,Shamkya,An1,498956.423,2144288.232,290.342,43.0,44.0,1.0,0.03,5.4,0.23,1.52,68.7,94.0,41.8,0.38,False
RC.BH35.043,1617.0,rc,Shamkya,An1,498956.423,2144288.232,289.342,44.0,45.0,1.0,0.07,3.6,0.22,1.75,19.1,44.0,14.4,0.2,False
RC.BH35.044,1618.0,rc,Shamkya,An1,498956.423,2144288.232,288.342,45.0,46.0,1.0,0.07,4.7,0.23,1.44,77.5,159.0,77.7,0.21,False
RC.BH35.045,1619.0,rc,Shamkya,An1,498956.423,2144288.232,287.342,46.0,47.0,1.0,0.74,22.0,0.26,3.8,77.1,232.0,93.4,0.58,False
RC.BH35.046,1620.0,rc,Shamkya,An1,498956.423,2144288.232,286.342,47.0,48.0,1.0,0.43,24.7,0.18,3.39,80.7,181.0,50.7,0.42,False
RC.BH35.047,1621.0,rc,Shamkya,An1,498956.423,2144288.232,285.342,48.0,49.0,1.0,0.09,4.7,0.12,2.26,28.6,69.0,13.5,0.08,False
RC.BH35.048,1622.0,rc,Shamkya,An1,498956.423,2144288.232,284.342,49.0,50.0,1.0,0.02,1.2,0.13,1.36,11.4,67.0,6.0,0.08,False
