Serial    No,Sample Discription,Unnamed: 2,Interval (m),Unnamed: 4,QA/QC,Au,Ag,Al,As,Au.1,B,Ba,Be,Bi,Ca,Cd,Ce,Co,Cr,Cs,Cu,Fe,Ga,Ge,Hf,Hg,In,K,La,Li,Mg,Mn,Mo,Na,Nb,Ni,P,Pb,Rb,Re,S,Sb,Sc,Se,Sn,Sr,Ta,Te,Th,Ti,Tl,U,V,W,Y,Zn,Zr
,Lab ID,Field ID,From,To,,ppm,ppm,%,ppm,ppm,ppm,ppm,ppm,ppm,%,ppm,ppm,ppm,ppm,ppm,ppm,%,ppm,ppm,ppm,ppm,ppm,%,ppm,ppm,%,ppm,ppm,%,ppm,ppm,ppm,ppm,ppm,ppm,%,ppm,ppm,ppm,ppm,ppm,ppm,ppm,ppm,%,ppm,ppm,ppm,ppm,ppm,ppm,ppm
1.0,P1/D/BH1-2/001,S001 ,16,17,,0.01,0.1,0.73,1.1,<0.02,<10,130,0.67,0.23,0.18,0.25,76.5,3,10,0.63,25.8,2.88,3.71,0.13,0.04,0.01,0.046,0.33,38.3,1.6,0.11,464,0.95,0.07,0.23,3.4,300,10.6,25.6,0.001,<0.01,<0.05,3.7,<0.2,1.4,12.4,<0.01,0.02,16.8,0.042,0.17,1.8,20,0.07,18.05,74,0.8
2.0,P1/D/BH1-2/002,S002 ,17,18,,0.02,0.18,0.42,22.4,<0.02,<10,80,0.48,1.13,0.03,0.21,46.3,2.4,7,0.07,31.7,2.82,1.5,0.1,0.04,0.02,0.073,0.22,23.3,0.5,0.01,257,2.43,0.01,<0.05,3.3,150,30.1,8.5,<0.001,0.03,0.32,1.3,0.2,0.5,21.7,<0.01,0.03,8.6,<0.005,0.06,3.57,10,0.1,7.8,67,1.1
3.0,P1/D/BH1-2/003,S003 ,18,19,,0.01,0.1,0.48,1.3,<0.02,<10,60,0.56,0.52,0.04,0.14,94.6,1.6,7,0.08,17.6,2.16,1.94,0.14,0.04,0.01,0.043,0.21,48.7,0.6,0.01,243,1.44,0.01,<0.05,2.7,170,23.3,8.7,<0.001,<0.01,<0.05,1.7,<0.2,0.3,18.5,<0.01,<0.01,15.3,<0.005,0.06,2.86,7,0.08,15.9,51,1.4
4.0,P1/D/BH1-2/004,S004 ,19,20,,<0.01,0.1,0.59,3.8,<0.02,<10,60,0.53,0.44,0.03,0.13,61.2,1.4,8,0.09,14.9,2.68,2,0.11,0.04,0.01,0.05,0.2,29.9,0.7,0.01,258,1.06,0.01,<0.05,3.1,160,18.7,8.3,0.001,0.01,<0.05,2.7,<0.2,0.4,18,<0.01,<0.01,14.3,<0.005,0.05,2.87,9,0.07,15.65,47,1.3
5.0,P1/D/BH1-2/005,S005 ,20,21,,0.13,0.19,0.51,36.3,0.11,<10,90,0.66,2.82,0.02,0.32,63.2,4,9,0.09,26,3.87,1.93,0.1,0.05,0.02,0.074,0.28,30.9,0.6,0.02,299,1.17,0.01,0.05,4.2,180,43.2,10.5,0.001,0.01,0.06,1.8,0.3,0.5,10.9,<0.01,<0.01,11.6,<0.005,0.07,1.88,19,0.13,8.89,81,1.7
6.0,P1/D/BH1-2/006,S006 ,21,22,,<0.01,0.09,0.72,3.3,<0.02,<10,40,0.54,0.22,0.06,0.3,75.1,2.6,8,0.13,25.1,2.75,2.51,0.12,0.04,0.01,0.053,0.18,35.6,0.7,0.02,290,0.8,0.01,<0.05,3.6,230,17.4,8.9,0.001,<0.01,<0.05,3.6,<0.2,0.5,5.4,<0.01,<0.01,15.1,<0.005,0.05,2.29,9,0.05,19.4,94,1.5
7.0,P1/D/BH1-2/007,S007 ,22,23,,<0.01,0.09,0.65,1.1,<0.02,<10,70,0.54,0.17,0.07,0.14,68.5,2.2,8,0.09,20.5,2.17,2.27,0.09,0.05,0.02,0.04,0.17,32.9,1,0.02,438,0.98,0.01,<0.05,3.3,240,9.5,8.2,<0.001,<0.01,<0.05,2.9,<0.2,0.4,7.7,<0.01,<0.01,12.3,<0.005,0.05,2.24,9,0.05,16.3,39,1.7
8.0,P1/D/BH1-2/008,S008 ,23,24,,<0.01,0.15,0.62,3.3,<0.02,10,120,0.92,0.49,0.09,0.18,58.3,4.4,12,0.11,37.3,3.11,2.35,0.1,0.08,0.02,0.06,0.2,28,1.6,0.03,503,1.51,0.01,0.05,5.8,330,15.1,8.8,<0.001,<0.01,0.1,4.7,0.2,0.5,11.1,<0.01,<0.01,8.5,<0.005,0.07,1.46,22,0.05,12.25,71,3
9.0,P1/D/BH1-2/009,S009 ,24,25,,<0.01,0.08,0.7,6.2,<0.02,10,30,0.73,0.16,0.07,0.28,51.9,5.3,9,0.07,31.3,4.43,2.31,0.11,0.06,0.01,0.044,0.08,25.7,4,0.03,312,1.6,0.02,0.05,8.7,270,14.2,3.6,0.001,<0.01,0.05,5.9,0.2,0.5,9.4,<0.01,<0.01,9.6,<0.005,0.02,1.77,28,0.05,14.1,88,2.1
10.0,P1/D/BH1-2/010,S010 ,25,26,,0.01,0.45,0.46,12,<0.02,<10,650,0.53,0.09,0.05,0.36,252,1.2,9,<0.05,8.6,3.75,4.82,0.28,1.03,0.03,0.128,0.02,128.5,1.7,0.01,301,5.7,0.01,1.49,3.2,110,11,0.7,0.001,0.31,0.93,1.1,0.4,2.1,59.1,0.01,<0.01,14.1,0.005,0.05,3.01,4,0.1,15.9,105,46.3
11.0,P1/D/BH1-2/011,S011 ,26,27,,<0.01,0.15,0.4,4.9,<0.02,<10,160,0.69,0.24,0.04,0.11,43.1,2.8,10,0.07,21.7,2.65,1.86,0.08,0.11,0.02,0.049,0.1,21.2,1,0.03,595,3.73,0.01,0.09,6.9,120,6.4,5.7,<0.001,<0.01,0.11,3.1,<0.2,0.6,8.4,<0.01,<0.01,4.7,<0.005,0.04,1.28,17,0.06,8.15,54,3.9
12.0,P1/D/BH1-2/012,S012 ,27,28,,<0.01,0.08,0.6,5.5,<0.02,<10,30,0.4,0.66,0.02,0.06,81.7,2.5,8,0.05,24.1,2.13,1.91,0.11,0.11,0.02,0.03,0.12,38.8,0.9,0.02,233,0.96,0.01,<0.05,4.4,60,11,5.6,<0.001,<0.01,0.06,3.8,<0.2,0.3,2.7,<0.01,0.01,15.1,<0.005,0.03,0.96,5,0.06,6.49,24,3.3
13.0,P1/D/BH1-2/013,S013 ,28,29,,0.01,0.16,1.17,1.3,<0.02,10,220,1.78,0.15,0.71,0.7,39.8,26.2,27,0.26,17.4,9.6,4.39,0.14,0.1,0.02,0.108,0.2,19.5,2.3,0.11,2110,2.02,0.01,<0.05,34.8,1260,9.6,12.6,<0.001,0.01,0.11,26.2,<0.2,0.4,33.1,<0.01,<0.01,3.1,0.015,0.2,2.62,188,0.11,20.1,214,3.9
14.0,P1/D/BH1-2/014,S014 ,29,30,,0.01,0.18,0.94,2.2,<0.02,10,280,2.04,0.17,3.39,0.5,31.7,43.1,26,0.28,61.5,11.75,3.82,0.14,0.09,0.01,0.122,0.25,13.8,2.4,0.14,3560,1.69,0.02,<0.05,40.1,1380,21.7,14.1,<0.001,0.01,0.19,27.4,<0.2,0.5,59.7,<0.01,<0.01,0.8,0.016,0.17,2.59,170,0.24,25.7,245,3.6
15.0,P1/D/BH1-2/015,S015 ,30,30 .80,,<0.01,0.11,0.64,6.7,<0.02,10,100,1.49,0.24,0.24,0.37,45,30.8,15,0.21,77.6,6.89,3.12,0.13,0.09,0.01,0.076,0.28,21.4,1.8,0.1,1910,2.62,0.02,<0.05,25.3,810,13.9,14.3,0.001,<0.01,0.31,16.7,<0.2,0.5,29.4,<0.01,<0.01,5.2,0.007,0.14,2.62,92,0.22,14.25,145,2.2
16.0,P1/D/BH1-2/016,S016 ,,,DUPL OF P1/D/BH1-2/023,0.01,0.1,0.03,2.2,<0.02,<10,20,0.34,0.49,0.04,0.08,0.88,2.9,9,<0.05,97.5,4.06,0.41,<0.05,<0.02,0.01,0.215,0.01,0.5,0.2,0.02,811,1.03,<0.01,<0.05,7.2,20,2.1,1.1,0.001,0.01,0.22,1.4,<0.2,0.2,3.4,<0.01,<0.01,<0.2,<0.005,0.06,0.32,5,0.3,1.95,22,<0.5
17.0,P1/D/BH1-2/017,S017 ,30 .80,31 .20,,<0.01,0.06,0.02,3.5,<0.02,<10,20,0.2,0.12,0.03,0.06,2.13,2.9,11,<0.05,10.8,3.05,0.45,<0.05,<0.02,0.01,0.031,0.01,1.1,0.2,0.02,1450,1.13,<0.01,<0.05,5.6,20,1.5,0.8,<0.001,<0.01,0.27,2.7,<0.2,0.2,4,<0.01,<0.01,0.3,<0.005,0.08,0.41,7,0.08,2.26,19,<0.5
18.0,P1/D/BH1-2/018,S018 ,31 .20,32 .30,,0.05,0.19,0.39,26.8,0.02,10,220,0.76,0.44,0.08,0.23,41.2,7,9,0.08,28.8,3.94,1.95,0.08,0.08,0.01,0.063,0.14,19.8,1.6,0.04,709,3.71,0.01,0.1,9.3,230,9.2,7.1,0.001,0.01,0.53,4.8,<0.2,0.7,14.2,<0.01,<0.01,5.7,<0.005,0.05,1.65,22,0.11,8.45,55,2.8
19.0,P1/D/BH1-2/019,S019 ,32 .30,33,,0.03,0.23,0.21,34.8,0.03,<10,140,0.78,0.25,0.07,0.25,16.3,7.6,9,0.08,148.5,7.98,1.3,0.09,0.04,0.01,0.152,0.08,5.4,1.1,0.05,798,2.7,0.01,0.05,11.6,140,3.9,5.2,0.001,0.19,2.33,8.7,0.8,0.4,17.4,<0.01,<0.01,1.8,<0.005,0.08,1.5,27,0.08,10.55,78,0.9
20.0,P1/D/BH1-2/020,S020 ,33,34,,0.03,0.16,0.66,13.4,0.02,10,120,1.26,0.23,0.24,0.58,18.2,33.8,26,0.13,66.7,9.12,2.83,0.09,0.06,0.01,0.124,0.15,6.5,3,0.1,2100,2.12,0.01,0.07,30.9,920,9.9,7.9,<0.001,0.06,0.52,18.1,0.2,0.5,26.8,<0.01,<0.01,1.1,0.009,0.11,3.01,151,0.21,13.65,152,2.1
21.0,P1/D/BH1-2/021,S021 ,34,35,QA/QC,0.02,0.1,0.17,7.4,0.02,10,50,0.77,0.31,0.04,0.08,13.2,4.7,9,0.06,7.8,6.72,1,0.09,0.02,0.02,0.439,0.08,6,0.9,0.04,1170,1.65,0.01,<0.05,9.2,50,3.4,4.1,<0.001,<0.01,0.55,3.7,<0.2,0.4,8.8,<0.01,<0.01,2,<0.005,0.09,1.1,7,0.18,6.96,29,0.7
22.0,P1/D/BH1-2/022,S022 ,,,BLANK,<0.01,0.02,0.35,0.4,<0.02,<10,40,1.27,0.03,0.58,0.01,134.5,1.3,14,0.28,18,1.73,2.55,0.12,1.85,0.01,0.005,0.24,86.8,1.6,0.08,181,6.28,0.09,0.4,4.8,150,29.6,21.4,0.001,0.05,<0.05,0.9,<0.2,1.1,57.2,<0.01,<0.01,103.5,0.006,0.1,13.35,5,0.07,5.4,9,48.1
23.0,P1/D/BH1-2/023,S023 ,35,36,QA/QC,0.02,0.12,0.02,2.2,<0.02,<10,20,0.35,0.6,0.04,0.09,1,2.8,9,<0.05,105.5,4.15,0.41,0.05,<0.02,0.01,0.214,0.01,0.6,0.3,0.03,808,1.3,<0.01,<0.05,7,20,2.1,1.1,<0.001,0.01,0.32,1.4,<0.2,0.2,3.6,<0.01,<0.01,0.2,<0.005,0.07,0.37,5,0.51,2.04,22,<0.5
24.0,P1/D/BH1-2/024,S024 ,36,36 .30,,0.45,0.29,0.12,22.3,0.31,<10,20,1.08,7.21,0.02,0.12,5.54,10.1,7,0.05,86.6,9.34,1,0.1,0.02,0.02,0.29,0.05,2.7,0.5,0.01,722,1.57,0.01,0.07,13.3,40,5.2,2.6,<0.001,0.04,2.13,4.2,0.6,0.7,6.1,<0.01,0.08,0.8,<0.005,0.08,0.52,9,0.55,3.34,34,0.8
25.0,P1/D/BH1-2/025,S025 ,36 .30,37,,0.01,0.1,0.73,7.4,<0.02,30,110,1.66,0.45,0.4,0.51,38,39.4,10,0.18,11.7,8.73,3.25,0.13,0.08,0.01,0.151,0.25,17.6,1.8,0.11,2150,3.11,0.02,<0.05,30.1,1440,9.7,10.7,<0.001,0.01,0.23,12.6,<0.2,0.6,57.3,<0.01,<0.01,2.7,0.007,0.09,4.21,79,0.21,18.1,176,2.2
26.0,P1/D/BH1-2/026,S026 ,37,38,,0.01,0.08,0.47,4.3,<0.02,10,60,0.78,0.25,0.13,0.16,47.7,4.2,7,0.13,13.9,3.1,1.79,0.07,0.05,<0.01,0.051,0.25,23.1,1.5,0.05,652,3.58,0.01,<0.05,7.2,390,4.5,10.6,<0.001,<0.01,0.18,2.8,<0.2,0.4,11.7,<0.01,<0.01,9.6,<0.005,0.08,1.18,6,0.08,7.7,39,1.6
27.0,P1/D/BH1-2/027,S027 ,38,39,,<0.01,0.11,0.52,5.4,<0.02,10,50,0.98,0.62,0.16,0.33,53.3,7.2,7,0.09,53.1,2.86,2.23,0.08,0.06,<0.01,0.051,0.26,27.3,2.2,0.05,654,4.58,0.01,0.06,9.3,530,4.6,11,0.001,<0.01,0.2,3.4,<0.2,0.7,14.4,<0.01,0.01,10.8,<0.005,0.09,1.25,13,0.07,10.85,164,2.2
28.0,P1/D/BH1-2/028,S028 ,39,40,,<0.01,0.06,0.55,4.2,<0.02,10,50,0.8,0.2,0.11,0.25,63.7,5.5,6,0.09,6.6,2.5,1.98,0.09,0.1,0.01,0.044,0.23,31.5,1.4,0.04,529,1.37,0.01,0.06,6.9,340,5.7,10.1,0.001,<0.01,0.08,2,<0.2,0.6,10.4,<0.01,0.01,10.7,<0.005,0.07,1.71,7,0.06,9.14,71,4
29.0,P1/D/BH1-2/029,S029 ,40,41,,<0.01,0.04,0.55,2.6,<0.02,10,80,0.78,0.11,1.74,0.12,53.4,4.1,7,0.15,3.7,2.78,1.93,0.09,0.06,<0.01,0.039,0.17,25.4,1.5,0.32,722,2.11,0.01,<0.05,6,380,6.7,8.9,0.001,<0.01,<0.05,4.4,0.2,0.5,17.1,<0.01,<0.01,12.1,<0.005,0.07,3.42,5,0.06,14.2,36,2
30.0,P1/D/BH1-2/030,S030 ,41,42,,0.01,0.04,0.59,2,<0.02,<10,110,0.95,0.13,1.32,0.17,69.9,4.8,6,0.24,9.2,3.09,2.22,0.1,0.06,0.01,0.062,0.16,35.8,1.1,0.34,568,4.16,0.01,<0.05,6.3,470,10.6,8.9,<0.001,<0.01,0.07,6.1,<0.2,0.7,19.3,<0.01,<0.01,14.8,<0.005,0.05,4.88,8,0.06,19.9,69,2
31.0,P1/D/BH1-2/031,S031 ,,,DUPL OF P1/D/BH1-2/021,0.02,0.11,0.18,8.4,0.02,<10,50,0.77,0.37,0.04,0.08,14.95,5.3,8,0.06,9.6,6.99,0.98,0.08,0.03,<0.01,0.413,0.08,6.7,0.9,0.04,1200,1.5,0.01,<0.05,9.8,50,4.1,4.1,<0.001,<0.01,0.56,3.8,0.2,0.5,9.1,<0.01,0.01,2.3,<0.005,0.11,1.03,8,0.18,7.24,33,0.8
32.0,P1/D/BH1-2/032,S032 ,42,43,,<0.01,0.02,0.5,0.7,<0.02,<10,30,0.71,0.07,0.96,0.07,52.6,4.3,7,0.18,3.9,3.18,1.78,0.08,0.06,<0.01,0.043,0.18,26.2,1,0.2,426,0.85,0.03,<0.05,7.9,440,5.6,9.5,0.001,<0.01,<0.05,4.8,<0.2,0.5,20.2,<0.01,<0.01,12.8,<0.005,0.05,3.35,9,0.05,9.84,43,2.1
33.0,P1/D/BH2-001,S001,"4,20","5,20",,<0.01,0.1,0.64,15.9,<0.02,<10,90,1.17,0.55,0.21,0.22,44.3,15.4,26,0.06,33.3,4.86,2.96,0.11,0.08,<0.01,0.091,0.1,23.9,1.6,0.04,382,7.3,0.02,<0.05,25.3,280,18.3,7.3,0.002,<0.01,0.4,12.6,0.2,1.1,8.8,<0.01,0.12,6.5,0.005,0.04,2.86,51,0.07,17.75,118,2.3
34.0,P1/D/BH2-002,S002,"5,20","7,20",,<0.01,0.05,0.52,5.6,<0.02,<10,40,0.49,0.15,0.08,0.11,120.5,8.1,9,0.06,18.5,2.1,2.55,0.13,0.06,<0.01,0.054,0.07,67.9,0.9,0.02,386,2.53,0.02,<0.05,8.4,330,12.2,4.6,<0.001,<0.01,<0.05,4,0.2,0.7,9.8,<0.01,<0.01,14.4,<0.005,0.05,1.72,16,0.05,21.2,45,1.9
35.0,P1/D/BH2-003,S003,"7,20","10,20",,<0.01,0.06,0.53,4.6,<0.02,<10,40,0.44,0.15,0.06,0.07,68.3,4.9,8,0.05,10.3,2.36,2.07,0.09,0.08,<0.01,0.078,0.06,34.5,0.8,0.02,325,3.95,0.01,<0.05,8.9,190,12.6,4,<0.001,<0.01,0.12,4.9,<0.2,0.6,5.8,<0.01,<0.01,9.9,<0.005,0.03,1.83,12,0.18,15.85,53,2.6
36.0,P1/D/BH2-004,S004,"10,20","13,20",,<0.01,0.14,0.77,17,<0.02,<10,120,2.66,0.11,0.03,0.15,11.7,17,31,0.1,49.3,10.7,3.91,0.09,0.06,<0.01,0.234,0.06,5,1.8,0.02,225,2.41,0.01,<0.05,45.3,720,6,3.8,<0.001,<0.01,1.03,17.2,<0.2,0.7,9.2,<0.01,0.02,1.6,0.01,0.04,2.3,159,0.56,11.9,75,1.5
37.0,P1/D/BH2-005,S005,"13,20","16,20",,<0.01,0.14,0.65,6.9,<0.02,10,110,1.56,0.07,0.1,0.2,29.3,27.2,32,0.2,77,6.38,2.81,0.1,0.11,<0.01,0.083,0.22,12.5,0.9,0.04,1020,0.7,0.01,<0.05,35,460,9.3,9.7,<0.001,<0.01,0.49,25,<0.2,0.6,17.2,<0.01,0.01,1.2,0.02,0.11,2.1,181,0.2,13.5,67,3.7
38.0,P1/D/BH2-006,S006,"19,20","20,20",,0.13,0.33,0.02,18.5,0.09,<10,10,0.13,0.73,0.01,0.09,0.38,1.6,8,<0.05,26.2,5.12,0.26,0.07,<0.02,0.01,0.223,<0.01,0.2,0.1,<0.01,237,1.13,<0.01,<0.05,4.7,10,9.5,0.2,<0.001,<0.01,0.61,1.9,0.4,0.4,1.5,<0.01,0.02,<0.2,<0.005,<0.02,0.14,3,0.09,0.7,24,<0.5
39.0,P1/D/BH2-007,S007,"20,20","21,20",,0.02,0.09,0.01,3.9,0.02,<10,<10,0.09,0.23,0.01,0.01,0.17,1.2,8,<0.05,4.5,6.53,0.23,0.08,<0.02,0.01,0.058,<0.01,<0.2,0.1,<0.01,225,0.62,<0.01,<0.05,4.3,10,1.9,0.1,<0.001,<0.01,0.39,1,0.3,0.2,0.6,<0.01,0.03,<0.2,<0.005,<0.02,0.19,2,0.06,0.57,7,<0.5
40.0,P1/D/BH2-008,S008,"21,20","22,20",QA/QC,0.06,0.15,0.03,4.4,0.05,<10,20,0.2,0.44,0.01,0.04,1.25,1.7,9,<0.05,11.5,11.85,0.44,0.11,<0.02,<0.01,0.093,0.01,0.6,0.1,0.01,360,0.5,<0.01,<0.05,6.6,20,1.8,0.7,<0.001,0.01,0.48,2.9,0.2,0.5,3.2,<0.01,0.03,0.2,<0.005,<0.02,0.28,7,0.06,0.99,12,<0.5
41.0,P1/D/BH2-009,S009,"22,20","23,20",,0.01,0.06,0.01,0.9,<0.02,<10,<10,0.07,0.17,<0.01,0.01,0.14,0.6,10,<0.05,2.5,4.31,0.25,0.07,<0.02,<0.01,0.008,<0.01,<0.2,0.1,<0.01,186,0.54,<0.01,<0.05,2.8,10,0.8,0.1,<0.001,<0.01,0.19,0.7,<0.2,0.2,0.6,<0.01,0.03,<0.2,<0.005,<0.02,0.06,1,0.05,0.23,3,<0.5
42.0,P1/D/BH2-010,S010,"23,20","24,20",,0.04,0.11,0.02,5,0.04,<10,10,0.08,0.33,0.02,0.02,0.54,1.9,9,<0.05,13.7,3.32,0.27,0.06,<0.02,0.01,0.047,<0.01,0.3,0.1,<0.01,221,0.53,<0.01,<0.05,5,30,1.6,0.2,<0.001,0.23,0.3,1.4,0.2,0.3,2.4,<0.01,0.05,<0.2,<0.005,0.02,0.18,5,0.08,0.4,8,<0.5
43.0,P1/D/BH2-011,S011,,,BLANK,<0.01,0.02,0.3,0.4,<0.02,<10,40,1.07,0.03,0.55,0.01,135,1.2,12,0.26,10.6,1.63,2.21,0.11,1.73,<0.01,0.006,0.2,84.3,1.4,0.06,151,15.6,0.08,0.34,3.3,160,26.8,19.7,0.001,0.03,0.09,0.9,<0.2,0.8,50.4,<0.01,0.02,98.1,<0.005,0.09,12.25,4,0.07,5.16,7,47.4
44.0,P1/D/BH2-012,S012,"24,20","25,20",,0.63,0.4,0.08,3.7,0.47,<10,30,0.15,0.57,0.01,0.04,3.33,1.8,10,<0.05,6.9,3.83,0.65,0.06,<0.02,0.01,0.057,0.03,1.6,0.3,0.01,225,1.3,0.01,<0.05,4.6,80,3,1.4,<0.001,0.03,0.31,1.3,0.2,0.3,9.5,<0.01,0.05,0.5,<0.005,<0.02,0.23,11,0.2,0.59,15,<0.5
45.0,P1/D/BH2-013,S013,"25,20","26,20",,0.01,0.08,0.39,7.4,<0.02,10,50,0.42,0.04,0.03,0.1,25.2,7,8,0.07,7.9,4.91,1.36,0.07,<0.02,<0.01,0.053,0.19,13.2,1,0.02,343,0.84,0.01,<0.05,9.9,180,0.9,7.8,<0.001,0.02,0.12,3.1,0.2,0.5,13.4,<0.01,0.01,2.7,<0.005,0.08,0.85,15,0.06,2.86,49,0.6
46.0,P1/D/BH2-014,S014,"26,20","27,20",,0.02,0.15,0.34,8,<0.02,10,70,0.37,0.14,0.03,0.09,15.05,5,9,0.06,13.6,4.08,1.54,0.07,0.02,<0.01,0.07,0.15,7.2,1,0.02,248,0.94,0.01,<0.05,7.7,200,2.3,6,<0.001,0.06,0.17,3.1,<0.2,0.8,32.3,<0.01,0.03,2.8,<0.005,0.06,0.63,17,0.06,1.87,58,0.6
47.0,P1/D/BH2-015,S015,"27,20","28,20",,0.02,0.08,0.5,5.2,0.03,10,90,0.58,0.05,0.02,0.09,33.1,5.1,9,0.15,7.9,3.69,1.95,0.08,0.02,<0.01,0.054,0.32,16.1,1.3,0.03,264,0.94,0.01,<0.05,8.3,230,1.6,13.3,<0.001,0.06,0.13,3.5,<0.2,0.9,33.3,<0.01,0.01,6.5,<0.005,0.13,0.77,10,0.07,3.2,36,0.8
48.0,P1/D/BH2-016,S016,,,DUPL OF P1/D/BH2-008,0.06,0.2,0.04,4.3,0.04,<10,20,0.24,0.45,0.01,0.05,1.09,1.9,10,<0.05,15.6,12.25,0.5,0.11,<0.02,<0.01,0.113,0.01,0.6,0.3,0.01,440,0.69,0.01,<0.05,7.1,30,1.9,0.7,<0.001,0.01,0.48,3.4,0.2,0.6,4.8,<0.01,0.02,0.2,<0.005,0.02,0.33,9,0.06,1.15,13,<0.5
49.0,P1/D/BH2-017,S017,"31,20","32,20",,<0.01,0.22,0.81,21.4,<0.02,20,130,1.52,0.17,0.55,0.87,57.8,37.1,32,0.12,101,7.62,2.98,0.12,0.05,<0.01,0.097,0.18,28.2,4.8,0.13,1110,2.02,0.03,0.08,30.8,2110,6.2,6.4,<0.001,<0.01,0.21,10.8,0.2,0.8,35.5,<0.01,0.03,2.5,0.005,0.09,2.36,95,0.07,20.6,184,2.7
50.0,P1/D/BH2-018,S018,"32,20","33,20",,0.01,0.14,0.33,123.5,<0.02,10,110,0.68,0.4,0.11,0.33,25.4,106.5,8,0.08,38.6,3.94,1.33,0.08,0.03,<0.01,0.05,0.17,12.3,1.6,0.04,1100,1.33,0.01,<0.05,49.5,250,2.9,7.2,<0.001,<0.01,0.19,2.9,<0.2,0.6,16.8,<0.01,0.09,4.5,<0.005,0.16,0.7,16,0.05,4.81,67,1
51.0,P1/D/BH2-019,S019,"33,20","34,20",,<0.01,0.12,0.52,55.9,<0.02,10,110,0.66,0.17,0.17,0.36,39.6,58.5,11,0.11,22.4,4.04,1.94,0.08,0.03,<0.01,0.076,0.24,19.2,1.8,0.07,1170,1.96,0.02,<0.05,30.7,570,2.5,9.6,<0.001,<0.01,0.14,4.6,<0.2,0.5,19.6,<0.01,0.03,6.9,<0.005,0.15,1.01,26,0.08,8.25,64,1.2
52.0,P1/D/BH2-020,S020,"34,20","35,20",,0.01,0.06,1.24,1.8,<0.02,<10,70,0.49,0.12,0.73,0.09,64.5,6.7,18,1.5,14.3,3.33,6.24,0.13,0.06,<0.01,0.044,0.52,31.5,6.3,0.49,418,0.75,0.06,0.12,11.3,470,3.7,52.8,<0.001,<0.01,0.1,7.4,<0.2,1.2,14.8,<0.01,0.02,12.7,0.099,0.31,2.21,32,0.09,18.65,61,1
53.0,P1/D/BH2-021,S021,"35,20","36,20",,<0.01,0.08,1.01,1.3,<0.02,10,90,0.6,0.11,0.84,0.07,72.2,5.1,13,1.35,17.6,3.26,5.34,0.12,0.05,<0.01,0.062,0.5,34.9,5.7,0.3,476,0.94,0.06,0.22,5.2,470,4.5,48.2,<0.001,<0.01,0.19,6.8,0.3,1.3,17.5,<0.01,0.02,16,0.09,0.28,3.09,17,0.26,20.3,51,1.2
54.0,P1/D/BH2-022,S022,"36,20","37,20",,<0.01,0.05,1.17,0.8,<0.02,<10,70,0.4,0.11,0.76,0.05,87.8,5.3,14,2.07,12.6,3.08,6.5,0.17,0.06,<0.01,0.042,0.62,43.3,7.1,0.39,410,0.63,0.07,0.4,4.8,440,4.6,64.3,<0.001,<0.01,0.11,7.7,<0.2,1.4,15.7,<0.01,0.02,18,0.137,0.39,4.95,20,0.16,27.4,59,1
55.0,P1/D/BH2-023,S023,"37,20","38,20",,<0.01,0.07,1.59,4,<0.02,10,90,0.81,0.19,2.11,0.06,69.2,12,20,1.15,14.2,5.28,7.85,0.14,0.07,<0.01,0.082,0.42,34.4,5.6,0.62,944,1.32,0.05,0.09,13.4,690,4.8,38,<0.001,<0.01,0.15,11.3,<0.2,0.9,37.6,<0.01,0.02,12.1,0.068,0.24,2.43,63,0.09,21.7,74,1.6
56.0,P1/D/BH2-024,S024,"38,20","39,20",,<0.01,0.06,0.97,1.5,<0.02,<10,80,0.72,0.17,1.37,0.08,83.5,5.8,12,0.77,11.6,3.32,4.93,0.11,0.05,<0.01,0.047,0.37,41.2,3,0.28,561,0.92,0.07,0.07,5.2,470,4,30.1,<0.001,<0.01,0.11,6.5,<0.2,0.6,24.2,<0.01,0.02,15.2,0.043,0.19,1.82,15,0.05,15.85,52,1.4
57.0,P1/D/BH2-025,S025,"39,20","40,20",,<0.01,0.13,2.64,1.2,<0.02,<10,140,1.25,0.56,2.61,0.14,56.7,26.6,33,6.55,73.9,7.04,12.8,0.19,0.22,<0.01,0.101,1.27,27,13.1,1.42,1030,0.86,0.06,0.07,32.8,930,4,100,<0.001,<0.01,0.2,18.4,<0.2,2.1,51.2,<0.01,0.02,8.2,0.302,0.99,1.43,155,0.11,21.6,106,3.4
58.0,P1/D/BH2-026,S026,"40,20","41,20",,<0.01,0.13,1.16,0.4,<0.02,<10,70,0.69,0.07,1.38,0.1,77.2,4.9,14,0.41,8.7,3.06,5.43,0.12,0.05,<0.01,0.037,0.32,37.7,4.2,0.37,524,0.6,0.06,<0.05,5.4,460,8,21.9,<0.001,<0.01,0.11,4.7,<0.2,1.1,26.2,<0.01,0.01,16.5,0.023,0.12,1.87,13,0.05,14.3,47,1.4
59.0,P1/D/BH2-027,S027,"41,20","42,20",,<0.01,0.06,1.82,0.4,<0.02,<10,120,0.68,0.08,1.01,0.13,78.8,8,21,2.57,40,4.81,9.17,0.15,0.06,<0.01,0.092,0.99,38.7,11.6,0.66,596,0.98,0.06,0.23,7.1,620,7.1,90.5,<0.001,<0.01,0.09,11.9,<0.2,3.4,20.7,<0.01,0.02,15.1,0.205,0.55,2.14,31,0.11,23.5,110,1.3
60.0,P1/D/BH2-028,S028,"42,20","43,20",,<0.01,0.12,1.32,0.6,<0.02,<10,100,0.41,0.06,0.86,0.07,92,6.1,16,1.54,51.1,3.44,6.8,0.18,0.1,<0.01,0.086,0.58,45.5,7.5,0.45,444,0.69,0.11,0.31,5.1,500,4.5,50.8,<0.001,0.01,0.08,9.2,0.2,3.1,17.3,<0.01,0.01,17.1,0.168,0.3,2.45,23,0.07,21.2,65,1.6
61.0,P1/D/BH3-1/001,S001,7.2,10.2,,<0.01,0.05,0.79,1.5,<0.02,10,160,1.05,0.04,0.1,0.1,121,8.3,7,0.92,19,3.79,4.43,0.17,0.05,<0.01,0.055,0.27,62,1.6,0.13,577,0.65,0.03,0.51,14.3,130,2.4,28.6,<0.001,<0.01,0.11,4.2,<0.2,2.4,14.2,<0.01,0.03,18.2,0.05,0.16,1.15,29,0.12,24.1,47,1.5
62.0,P1/D/BH3-1/002,S002,10.2,13.2,,<0.01,0.04,0.52,1,<0.02,<10,70,0.54,0.07,0.08,0.06,135,6.5,8,0.07,38.3,2.16,2.47,0.16,0.05,<0.01,0.05,0.08,73.7,0.6,0.02,358,0.74,0.02,<0.05,9.4,280,3.4,4.5,<0.001,<0.01,0.09,5.1,<0.2,0.9,9.6,<0.01,0.03,15,<0.005,0.03,1.89,20,<0.05,32,33,1.6
63.0,P1/D/BH3-1/003,S003,13.2,16.2,,<0.01,0.06,0.79,2.5,<0.02,10,40,0.78,0.13,0.12,0.2,66.8,10,14,0.11,48.6,4.16,2.78,0.11,0.06,<0.01,0.137,0.1,31.1,1,0.03,261,0.86,0.02,<0.05,15,460,14,6.2,<0.001,<0.01,0.17,10.4,0.2,1.3,6,<0.01,0.03,13.2,<0.005,0.04,2.32,59,<0.05,18.05,93,1.9
64.0,P1/D/BH3-1/004,S004,16.2,19.2,,<0.01,0.11,0.55,2.3,<0.02,10,70,0.5,0.18,0.08,0.13,59.4,5.7,7,0.08,28.4,2.24,2.15,0.1,0.06,<0.01,0.123,0.1,27.9,1.1,0.02,565,2.27,0.01,<0.05,7.6,340,16.4,6.6,<0.001,<0.01,0.19,5.8,<0.2,1.4,11.4,<0.01,0.02,12.5,<0.005,0.09,1.87,13,<0.05,15.6,46,2.2
65.0,P1/D/BH3-1/005,S005,19.2,20.2,,<0.01,0.2,0.59,3.9,<0.02,10,160,0.57,0.22,0.12,0.56,71.2,17.3,7,0.08,28.7,3.21,2.12,0.12,0.05,<0.01,0.069,0.13,34.8,1,0.02,1170,1.3,0.01,<0.05,14.4,560,22.1,7,<0.001,<0.01,0.15,6.3,<0.2,1.9,12.9,<0.01,0.03,12.4,<0.005,0.1,2.43,25,0.06,17.4,105,1.9
66.0,P1/D/BH3-1/006,S006,20.2,21.2,,<0.01,0.16,0.5,0.3,<0.02,<10,40,0.37,0.85,0.05,0.1,76.4,2.2,6,0.09,13.6,0.85,1.64,0.11,0.04,0.01,0.072,0.19,37.8,0.6,0.01,179,0.2,0.01,<0.05,2.5,180,28.4,8.8,<0.001,<0.01,0.13,2.8,<0.2,0.8,8.4,<0.01,0.02,14.6,<0.005,0.06,1.16,5,0.05,11.15,10,1.5
67.0,P1/D/BH3-1/007,S007,21.2,22.2,,<0.01,0.14,0.55,2,<0.02,<10,70,0.47,0.21,0.12,1.1,66.9,8,7,0.1,17.4,3.46,1.89,0.11,0.03,0.01,0.07,0.17,32.2,0.7,0.02,615,0.65,0.01,<0.05,12.6,530,28.4,8.1,<0.001,<0.01,0.18,5.8,<0.2,1,11.7,<0.01,0.01,13.6,<0.005,0.07,1.87,12,0.1,15.4,165,1.3
68.0,P1/D/BH3-1/008,S008,22.2,23.2,,<0.01,0.24,0.51,5.4,<0.02,<10,290,0.64,0.06,0.02,0.09,262,1.1,6,0.05,19.3,2.44,5.16,0.21,1.18,0.01,0.077,0.02,112.5,1.4,0.01,170,3.82,0.01,4.72,4.1,120,6,1,<0.001,0.04,0.65,0.3,<0.2,3.8,21.9,0.02,0.02,11.7,0.011,0.02,2.1,4,0.27,12.75,52,49.2
69.0,P1/D/BH3-1/009,S009,23.2,24.2,,0.01,0.16,0.56,17.3,<0.02,<10,250,1.02,0.06,0.02,0.28,262,1.1,6,0.06,14.6,5.62,6.17,0.28,1.1,0.02,0.1,0.03,142,1.4,0.01,171,7.77,0.01,4.56,3.7,120,12.1,1.3,<0.001,0.07,1.14,0.2,0.2,2.9,18.3,0.02,0.03,11.4,0.01,0.03,1.65,3,0.25,12.7,104,47.5
70.0,P1/D/BH3-1/010,S010,24.2,25.2,,<0.01,0.13,0.43,4.6,<0.02,<10,30,0.67,0.05,0.02,0.14,288,1.2,7,0.05,11.5,3.05,5.66,0.27,0.88,0.01,0.1,0.02,157,1.1,0.01,405,4.83,<0.01,8.4,5.4,120,9.7,1.1,<0.001,<0.01,0.79,0.1,<0.2,3.2,8.4,0.03,0.02,13,0.014,0.04,1.41,7,0.25,9.75,90,35.8
71.0,P1/D/BH3-1/011,S011,25.2,26.2,,<0.01,0.07,0.3,2.7,<0.02,<10,30,0.75,0.05,0.02,0.66,299,3.2,3,0.05,8.9,4.1,3.86,0.25,0.48,0.03,0.102,0.03,161,0.7,0.01,2140,7.49,0.01,2.28,2.8,50,6.4,0.9,<0.001,<0.01,0.3,0.1,<0.2,1.9,7.5,0.01,0.01,8.9,0.005,0.1,1.2,1,0.08,8.6,217,21.1
72.0,P1/D/BH3-1/012,S012,26.2,27.2,,<0.01,0.09,0.52,5.6,<0.02,<10,30,1.3,0.06,0.02,0.8,440,4.6,4,0.05,7,6.12,6.43,0.37,0.92,0.02,0.174,0.04,230,1.3,0.01,2820,8.73,0.01,4.32,6.5,120,11.9,1.1,<0.001,<0.01,0.39,0.2,<0.2,3.4,10.8,0.02,<0.01,12.2,0.009,0.1,2.07,1,0.1,13.05,397,40.2
73.0,P1/D/BH3-1/013,S013,27.2,28.2,,0.01,0.09,0.43,4.7,<0.02,<10,20,0.72,0.05,0.02,0.25,259,1.9,5,0.05,5.8,4.14,5.2,0.26,0.83,0.01,0.132,0.03,131.5,1.2,0.01,729,8.47,0.01,2.81,4,110,8.5,1.1,<0.001,<0.01,0.28,0.2,<0.2,2.5,7.7,0.02,0.01,12.3,0.005,0.06,1.58,1,0.07,12.4,192,35.3
74.0,P1/D/BH3-1/014,S014,28.2,29.2,,<0.01,0.15,0.57,2.6,<0.02,<10,10,0.75,0.06,0.02,0.78,>500,4.3,5,0.05,12.2,4.75,7.93,0.49,1.17,0.01,0.187,0.05,340,1.7,0.01,3560,12,0.01,6.5,3.7,80,9.1,1,0.001,0.02,0.29,0.2,<0.2,2.7,15.7,0.07,0.01,11,0.006,0.08,1.79,1,0.07,17.4,284,54.5
75.0,P1/D/BH3-1/015,S015,29.2,30.2,,0.03,0.11,0.42,6.5,<0.02,<10,30,0.85,0.07,0.02,0.26,173,1.3,4,0.05,6.1,4.46,4.84,0.19,1.03,0.01,0.126,0.05,85,1.7,0.01,467,6.45,0.01,2.02,3,70,9.7,2.4,<0.001,<0.01,0.36,0.2,<0.2,2.1,7.1,0.01,<0.01,9,0.006,0.05,1.1,2,<0.05,13.05,167,41.8
76.0,P1/D/BH3-1/016,S016,,,DUPL OF P1/D/BH3-1/019,0.01,0.05,0.07,7.1,<0.02,<10,10,0.19,0.05,0.01,0.08,9.39,4.8,9,<0.05,2.3,2.79,0.67,0.06,0.05,<0.01,0.038,0.05,4.8,0.3,0.01,1050,3.21,<0.01,0.2,6.2,50,3.4,2.1,<0.001,<0.01,0.19,0.8,<0.2,0.2,2.8,<0.01,<0.01,0.5,<0.005,0.08,0.34,2,0.05,1.4,53,2
77.0,P1/D/BH3-1/017,S017,30.2,31.2,,0.02,0.08,0.07,4.3,0.02,<10,10,0.22,0.06,0.01,0.1,12.2,3.5,10,<0.05,5.7,2.79,0.61,0.06,0.04,<0.01,0.045,0.05,5.2,0.5,0.01,1190,2.47,<0.01,0.18,5.4,40,2.3,2.3,<0.001,<0.01,0.2,0.8,<0.2,0.2,3.2,<0.01,<0.01,0.6,<0.005,0.09,0.39,2,0.18,1.4,53,1.6
78.0,P1/D/BH3-1/018,S018,31.2,32.2,,<0.01,0.19,0.6,5.3,<0.02,<10,130,1.48,0.08,0.15,0.37,386,7.9,7,0.1,27.9,5.69,7.06,0.4,0.67,0.01,0.136,0.12,210,3.3,0.03,3300,6.61,0.01,7.87,12,720,9.5,5.7,<0.001,<0.01,0.38,2.5,<0.2,5.5,34.4,0.02,0.01,11.7,0.028,0.11,2.3,17,0.23,24.3,286,29.1
79.0,P1/D/BH3-1/019,S019,32.2,32.9,QA/QC,<0.01,0.07,0.07,7,<0.02,<10,10,0.13,0.08,0.01,0.07,8.18,5,11,<0.05,2.5,3.09,0.68,0.05,0.02,<0.01,0.035,0.05,4,0.2,0.01,1040,3.59,<0.01,0.13,6.8,40,4,2.2,<0.001,<0.01,0.17,0.8,<0.2,0.2,2.6,<0.01,<0.01,0.5,<0.005,0.06,0.34,2,0.06,1.29,50,0.6
80.0,P1/D/BH3-1/020,S020,,,BLANK,<0.01,0.02,0.33,0.2,<0.02,<10,40,1.16,0.02,0.56,0.02,127,1.2,9,0.25,8.3,1.66,2.27,0.11,1.78,<0.01,0.005,0.22,79.2,1.5,0.07,152,7.65,0.08,0.46,3.1,150,26.1,20.1,<0.001,0.04,0.06,0.9,<0.2,0.6,50.9,<0.01,<0.01,93.5,0.005,0.09,12.25,4,0.08,4.95,7,47
81.0,P1/D/BH3-1/021,S021,32.9,34.2,,0.01,0.16,0.51,6.1,<0.02,<10,90,0.87,0.09,0.07,0.28,246,3.7,6,0.08,6.9,4.07,4.62,0.24,0.63,0.01,0.108,0.18,136,2.3,0.02,1160,11.95,0.01,1.29,4.6,310,11.7,8.1,0.001,<0.01,0.28,0.9,0.2,2,20.3,0.01,0.01,12.1,0.005,0.08,1.87,6,0.06,16.95,159,27.7
82.0,P1/D/BH3-1/022,S022,34.2,35.2,,<0.01,0.14,0.58,6.1,<0.02,<10,80,1.05,0.07,0.02,0.32,266,1.3,5,0.06,2.4,5.01,6.84,0.25,1.98,0.01,0.154,0.15,136,2.9,0.01,1060,6.1,0.01,2.31,3,40,10.2,6.9,<0.001,<0.01,0.33,0.2,<0.2,3.3,14.7,0.01,0.01,13.4,0.01,0.05,2.32,4,<0.05,21.3,191,83.4
83.0,P1/D/BH3-1/023,S023,35.2,36.2,,0.01,0.18,0.66,1.8,<0.02,<10,50,0.99,0.26,0.04,0.24,369,1.7,7,0.08,28,3.06,6.27,0.32,1.16,0.01,0.12,0.17,195,2.7,0.02,951,5.13,0.01,3.05,2.8,120,18.3,7.7,<0.001,<0.01,0.18,0.4,<0.2,4,12.5,0.01,0.01,12.4,0.012,0.08,1.59,3,0.07,16.45,160,47.9
84.0,P1/D/BH3-1/024,S024,36.2,37.2,,0.01,0.23,0.55,3,<0.02,<10,80,0.96,0.26,0.04,0.28,263,3.2,6,0.09,21.4,3.46,4.11,0.26,0.57,<0.01,0.095,0.16,153,1.4,0.03,1270,5.36,0.01,1.33,4.2,190,11.2,7,<0.001,<0.01,0.25,0.8,<0.2,1.6,15.8,0.01,0.02,15.6,<0.005,0.1,2.05,4,0.05,13.9,221,23.5
85.0,P1/D/BH3-1/025,S025,37.2,40.2,,<0.01,0.04,2.47,4.3,<0.02,<10,130,4.58,0.06,0.47,0.18,55.1,21.1,48,2.03,76.5,5.99,8.24,0.1,0.08,<0.01,0.067,0.33,22.9,4.2,0.65,865,0.89,0.04,<0.05,44.5,700,6.9,28.9,<0.001,<0.01,0.16,24.1,<0.2,0.9,60.4,<0.01,0.01,7.5,0.007,0.23,1.25,122,<0.05,14.4,147,1.7
86.0,P1/D/BH3-1/026,S026,40.2,43.2,,<0.01,0.13,0.57,8.2,<0.02,<10,60,1.78,0.06,0.05,0.3,386,6.6,10,0.19,9.4,5.47,6.92,0.37,1.23,<0.01,0.163,0.17,202,3.3,0.04,1040,4.09,0.01,3.77,8.7,130,6.9,8.6,<0.001,<0.01,0.24,3,<0.2,4,18,0.01,0.01,15.5,0.016,0.06,1.52,13,0.1,24,227,51.6
87.0,P1/D/BH3-1/027,S027,43.2,46.2,,<0.01,0.05,0.76,3.4,<0.02,<10,50,1.19,0.07,0.1,0.28,195,6.9,8,0.6,7.4,4.3,4.93,0.21,0.44,<0.01,0.077,0.24,105.5,2.8,0.11,1050,2.29,0.01,2.11,9.9,260,9.1,19.9,<0.001,<0.01,0.14,2.9,<0.2,3.6,21.2,0.01,0.02,18.4,0.022,0.12,2.5,14,0.09,19.45,165,17.1
88.0,P1/D/BH3-1/028,S028,46.2,49.2,,<0.01,0.1,0.34,1.3,<0.02,<10,40,0.79,0.05,0.02,0.52,342,0.9,6,0.05,1.9,4.6,4.89,0.3,0.96,<0.01,0.151,0.12,177,0.9,0.01,1100,8.17,<0.01,2.45,2.3,90,9.9,5,<0.001,<0.01,0.2,0.2,<0.2,2.6,16.3,0.01,0.01,16.3,0.006,0.04,2.28,2,0.07,14.45,234,40.8
89.0,P1/D/BH3-1/029,S029,49.2,50.2,,<0.01,0.08,0.42,5.1,<0.02,<10,10,0.71,0.07,0.02,0.22,220,0.7,5,0.1,2.3,5.38,4.78,0.17,0.73,<0.01,0.185,0.04,92.2,1.1,0.01,457,7.77,0.01,2.34,2.3,50,8.2,2.3,<0.001,<0.01,0.35,0.2,0.2,2.4,9.2,0.02,0.01,13.8,<0.005,0.04,1.54,1,0.07,8.38,271,31.3
90.0,P1/D/BH3-1/030,S030,50.2,52.2,,<0.01,0.08,0.43,3.2,<0.02,<10,10,0.77,0.07,0.02,0.39,301,0.7,6,0.09,1.9,5.23,5.18,0.27,0.67,0.01,0.211,0.05,167.5,1.2,0.01,671,8.06,0.01,2.22,2.5,80,7.9,2.3,<0.001,<0.01,0.28,0.2,<0.2,2.2,10.5,0.01,0.01,16.2,<0.005,0.03,1.81,1,0.07,9.67,298,29.5
91.0,P1/D/BH3-1/031,S031,52.2,55.2,,<0.01,0.08,0.4,5.7,<0.02,<10,10,0.76,0.11,0.02,0.28,259,1,6,0.12,2.6,4.95,4.84,0.23,0.67,0.01,0.18,0.05,136,1,0.01,470,5.34,<0.01,2.47,2.7,90,9.1,2.5,<0.001,<0.01,0.29,0.2,0.4,2.1,10.8,0.02,0.02,14.3,<0.005,0.03,1.57,1,0.07,10.15,213,28.2
92.0,P1/D/BH3-1/032,S032,55.2,58.2,,<0.01,0.1,0.4,6.8,<0.02,<10,20,0.76,0.08,0.03,0.38,412,0.9,6,0.13,2.9,5,5.28,0.33,0.6,0.01,0.188,0.05,185,0.9,0.01,459,5.04,0.01,1.93,2.1,160,9.9,2.7,<0.001,<0.01,0.33,0.4,<0.2,2.6,14.9,0.01,0.01,16.1,<0.005,0.03,1.64,2,0.08,12.7,216,25.3
93.0,P1/D/BH3-1/033,S033,58.2,61.2,,<0.01,0.12,0.4,4,<0.02,<10,50,0.79,0.06,0.03,0.29,360,1,7,0.06,4.8,3.89,5.05,0.3,0.88,0.01,0.169,0.09,186.5,1,0.01,454,3.94,0.01,2.25,3.4,230,4.4,3.6,<0.001,<0.01,0.21,0.4,<0.2,2.6,18.3,0.01,0.01,18.3,0.006,0.02,2.36,5,0.07,16.65,160,37.6
94.0,P1/D/BH4/001,S001 ,3,4,,<0.01,0.06,0.42,1.6,<0.02,<10,100,1.17,0.16,0.11,0.06,95,19.4,8,0.08,23.7,5.36,1.78,0.16,0.06,<0.01,0.111,0.13,60.2,0.3,0.05,774,1.54,0.04,0.06,24,110,2.8,8.3,<0.001,<0.01,0.09,7.4,0.4,0.9,21.5,<0.01,0.01,15.3,<0.005,0.08,1.82,58,0.17,31.7,65,2.1
95.0,P1/D/BH4/002,S002 ,4,5,,<0.01,0.04,0.37,1.6,<0.02,10,20,0.68,0.06,0.04,0.02,40.5,3,10,0.09,15.6,3.04,1.92,0.08,0.07,<0.01,0.034,0.1,21.9,0.5,0.02,171,0.56,0.02,0.14,10.5,120,4.8,6.3,<0.001,<0.01,0.14,2.4,<0.2,0.5,5,<0.01,<0.01,6.7,<0.005,0.04,2.46,21,0.11,14.15,20,2.2
96.0,P1/D/BH4/003,S003 ,5,6,,<0.01,0.05,0.47,0.5,<0.02,<10,10,0.42,0.17,0.03,0.01,23.6,3.1,7,<0.05,24.4,1.88,1.57,0.08,0.11,<0.01,0.017,0.04,11.6,1.3,0.01,130,0.49,0.02,0.25,7,50,4.2,2,<0.001,<0.01,0.08,2.6,0.2,0.5,6.4,0.02,0.01,17.2,<0.005,<0.02,3.01,16,0.15,8.94,17,1.8
97.0,P1/D/BH4/004,S004 ,6,7,,<0.01,0.16,0.55,1,<0.02,<10,90,1.14,0.08,0.03,0.02,14.65,6,12,0.05,13,3.2,2.64,0.06,0.13,<0.01,0.02,0.03,5,1,0.01,412,0.7,0.02,0.31,14.8,230,5.4,2,<0.001,<0.01,0.21,5.2,<0.2,0.6,7,0.02,0.01,6,0.006,0.03,1.5,36,0.32,10,21,2.3
98.0,P1/D/BH4/005,S005 ,7,8,,<0.01,0.09,0.59,1.8,<0.02,10,40,1.69,0.18,0.06,0.03,33.2,6.6,13,0.08,14.6,4.69,3.35,0.08,0.07,<0.01,0.059,0.1,17.1,0.9,0.02,196,1.28,0.03,0.12,31,320,8.1,5.7,<0.001,<0.01,0.42,6.3,<0.2,1.2,9.2,<0.01,0.01,6.4,0.01,0.03,1.54,54,0.7,16.8,53,2.3
99.0,P1/D/BH4/006,S006 ,8,9,,<0.01,0.06,0.57,1.6,<0.02,<10,20,0.85,0.13,0.07,0.03,48.8,3.2,10,0.1,14.5,3.02,2.45,0.1,0.04,<0.01,0.039,0.09,22.9,0.8,0.01,169,0.97,0.01,0.08,8.8,340,7.3,5.8,<0.001,<0.01,0.31,5.7,<0.2,0.8,7.4,<0.01,<0.01,10.5,0.005,0.03,1.68,22,0.21,15,39,1.6
100.0,P1/D/BH4/007,S007 ,9,10,,<0.01,0.08,0.7,6,<0.02,<10,40,1.54,0.28,0.04,0.09,32.1,6,17,0.08,34.3,7.42,4.21,0.09,0.07,<0.01,0.147,0.06,12.6,0.8,0.02,221,1.08,0.01,<0.05,19.6,650,12.8,3.8,<0.001,<0.01,0.31,20,<0.2,0.8,6.9,<0.01,0.01,3.9,0.017,0.03,1.79,142,0.28,13.1,88,2.9
101.0,P1/D/BH4/008,S008 ,10,11,,<0.01,0.11,0.7,9.7,<0.02,<10,20,0.67,0.28,0.02,0.03,55.5,3.1,13,0.05,26.7,3.59,3.06,0.11,0.09,<0.01,0.083,0.04,24.1,0.7,0.01,224,0.54,0.01,<0.05,7.3,300,9.9,2.5,<0.001,<0.01,0.71,13.1,<0.2,1.3,6,<0.01,0.01,7.3,0.017,0.02,1.16,119,0.12,17.7,29,1.9
102.0,P1/D/BH4/009,S009 ,11,12,,<0.01,0.07,0.76,6.9,<0.02,<10,30,2.32,0.11,0.03,0.07,47.8,8.4,14,0.09,29.4,9.38,4.39,0.12,0.07,<0.01,0.079,0.06,21.8,0.6,0.02,206,1.02,0.01,<0.05,21.1,640,7.6,3.7,<0.001,<0.01,0.48,17.4,<0.2,1.1,4.5,<0.01,<0.01,6.4,0.014,0.02,1.94,105,0.14,16,97,1.7
103.0,P1/D/BH4/010,S010 ,12,13,,<0.01,0.07,0.64,0.7,<0.02,<10,90,0.42,0.05,0.11,0.04,72.1,3,8,0.14,22.1,1.27,2.45,0.1,0.05,<0.01,0.032,0.11,35.4,0.6,0.02,443,0.33,0.02,<0.05,4.1,440,6.5,6.7,<0.001,<0.01,0.1,5.1,<0.2,0.5,8.4,<0.01,0.01,12.8,<0.005,0.05,1.28,19,0.05,18.95,14,1.5
104.0,P1/D/BH4/011,S011 ,13,14,,<0.01,0.29,0.63,5.5,<0.02,<10,40,0.57,0.04,0.14,0.06,75.5,7.1,8,0.1,44.8,3.2,2.15,0.11,0.06,<0.01,0.052,0.1,36.6,0.6,0.02,341,1.14,0.01,<0.05,8.4,600,140,6,<0.001,<0.01,0.11,6.5,<0.2,0.6,5.1,<0.01,<0.01,13.5,<0.005,0.04,1.6,31,0.07,15.1,30,1.6
105.0,P1/D/BH4/012,S012 ,14,15,,<0.01,0.27,0.69,1.9,<0.02,<10,30,0.48,0.06,0.13,0.07,78.8,6.3,7,0.09,24.9,3.6,2.22,0.11,0.07,<0.01,0.041,0.11,38.6,0.7,0.02,231,1.23,0.01,<0.05,7.4,500,167,6.2,<0.001,<0.01,0.07,6,<0.2,0.5,4.8,<0.01,<0.01,14.3,<0.005,0.03,1.81,20,0.05,14.7,44,2.4
106.0,P1/D/BH4/013,S013 ,15,16,,0.01,0.33,0.61,6.3,<0.02,<10,260,0.58,0.13,0.11,0.13,52.9,10.8,13,0.09,95.9,2.87,2.21,0.1,0.04,<0.01,0.077,0.09,25,0.8,0.02,1080,1.11,0.01,<0.05,12.9,480,13.5,4.7,<0.001,<0.01,0.17,8.6,0.2,4.3,11.6,<0.01,<0.01,8.9,0.007,0.08,1.26,53,0.09,14.85,46,1.4
107.0,P1/D/BH4/014,S014 ,16,17,,0.01,0.41,0.62,0.6,<0.02,<10,100,0.6,0.44,0.1,0.18,55.6,4.4,9,0.18,83.6,1.99,2.36,0.1,0.07,<0.01,0.087,0.16,26.6,0.8,0.02,363,0.52,0.01,<0.05,6.7,390,37.1,7.3,<0.001,<0.01,0.12,7.4,<0.2,5.1,10.8,<0.01,0.01,8.2,0.014,0.06,0.92,52,0.09,14.8,44,3.2
108.0,P1/D/BH4/015,S015 ,17,18,QA/QC,0.04,0.91,0.34,11.5,0.04,<10,60,0.78,1.37,0.02,0.15,22,6.2,9,0.06,72,5.16,1.73,0.08,0.06,0.01,0.168,0.13,10.2,0.6,0.01,210,1.04,0.01,<0.05,12.3,160,79.8,5.6,<0.001,<0.01,0.4,4.4,<0.2,0.9,5.7,<0.01,0.01,3.6,0.011,0.03,0.92,39,0.21,7.28,55,2.4
109.0,P1/D/BH4/016,S016 ,,,DUPL OF P1/D/BH4/015,0.05,1.08,0.3,12.9,0.04,<10,50,0.66,1.33,0.02,0.11,19.1,5.3,8,0.05,67.8,4.64,1.45,0.07,0.06,0.01,0.164,0.12,8.7,0.6,0.01,216,0.93,0.01,0.05,10.5,120,69,4.9,<0.001,<0.01,0.37,3.4,<0.2,0.8,4.9,<0.01,<0.01,3.1,0.009,0.03,0.81,33,0.25,5.72,46,1.9
110.0,P1/D/BH4/017,S017 ,,,BLANK,<0.01,0.02,0.36,0.4,<0.02,<10,40,1.13,0.03,0.62,0.01,128.5,1.1,15,0.28,11,1.65,2.46,0.11,1.94,<0.01,0.006,0.23,80,1.6,0.07,147,5.22,0.09,0.4,4.2,160,27.2,21.5,<0.001,0.03,0.07,1,<0.2,0.8,61,<0.01,<0.01,90.8,0.005,0.1,11.8,5,0.08,6.32,7,50.2
111.0,P1/D/BH4/018,S018 ,18,"18,60",,0.03,0.29,0.17,35,0.03,<10,50,0.31,2.38,0.01,0.05,34.3,16.9,8,<0.05,32.6,2.03,0.79,0.07,0.04,<0.01,0.049,0.13,17.1,0.6,0.01,154,0.99,0.01,<0.05,14.2,40,4,5.1,<0.001,<0.01,0.18,1,<0.2,0.2,1.7,<0.01,0.03,7.5,<0.005,0.03,0.56,6,0.22,4.17,18,1.1
112.0,P1/D/BH4/019,S019 ,"18,60",19,,0.01,0.14,0.29,7.9,<0.02,<10,40,0.29,0.27,0.04,0.03,56.1,3.8,10,0.06,26,1.22,1.15,0.09,0.08,<0.01,0.024,0.16,26.9,0.5,0.01,121,1.09,0.01,<0.05,6.4,160,2.2,6.3,<0.001,<0.01,0.13,1.3,<0.2,0.6,2.5,<0.01,0.01,17.2,<0.005,0.03,0.72,7,0.12,6.18,16,2.5
113.0,P1/D/BH4/020,S020 ,19,20,,0.01,0.11,0.3,3.6,<0.02,<10,30,0.31,0.33,0.02,0.05,50.3,2.8,8,0.05,22.5,1.62,1,0.09,0.07,<0.01,0.024,0.15,24.4,0.4,0.01,118,0.77,0.01,<0.05,5.8,90,1.7,5.6,<0.001,<0.01,0.14,0.8,<0.2,0.2,1.6,<0.01,0.01,16.3,<0.005,0.03,0.74,5,0.11,4.27,25,2
114.0,P1/D/BH4/021,S021 ,20,21,,0.01,0.18,0.25,4.4,<0.02,<10,30,0.24,0.21,0.02,0.06,47.2,3,6,0.05,19,1.27,0.93,0.08,0.04,<0.01,0.03,0.14,23.2,0.4,0.01,232,0.71,0.01,0.05,4.6,90,3.8,5.6,<0.001,<0.01,0.11,0.7,<0.2,0.3,2.7,<0.01,0.01,14.5,<0.005,0.03,0.61,4,0.09,4.92,20,1.2
115.0,P1/D/BH4/022,S022 ,21,22,,0.01,0.13,0.27,4.6,<0.02,<10,30,0.23,0.14,0.03,0.17,44.7,5.2,8,<0.05,31.2,2.22,0.92,0.08,0.09,<0.01,0.043,0.11,21.5,0.4,0.01,402,1.3,0.01,<0.05,7.9,150,28.3,4.8,<0.001,<0.01,0.12,2.1,<0.2,0.8,3.6,<0.01,<0.01,17.4,<0.005,0.03,1.49,10,0.05,5.08,48,2.6
116.0,P1/D/BH4/023,S023 ,22,"22,60",,0.01,0.06,0.18,2.4,<0.02,<10,20,0.19,0.04,0.02,0.14,10.35,3.5,12,<0.05,14.5,2.43,0.67,0.07,0.03,<0.01,0.038,0.04,4.8,0.2,0.01,216,1.2,0.01,<0.05,6.9,70,14.5,1.9,<0.001,<0.01,0.1,2.7,0.2,0.2,1.9,<0.01,0.01,2.1,<0.005,<0.02,1.19,17,0.05,2.94,32,0.9
117.0,P1/D/BH4/024,S024 ,"22,60",23,,0.01,0.08,0.31,3.3,<0.02,<10,20,0.27,0.42,0.01,0.11,54.7,4.7,7,0.05,60.1,1.96,1.03,0.09,0.11,<0.01,0.035,0.08,26.2,0.4,0.01,224,1.01,0.01,<0.05,7.7,70,38,4.2,<0.001,<0.01,0.08,1.6,<0.2,0.2,3.4,<0.01,<0.01,19.9,<0.005,0.02,1.23,8,0.05,5.76,40,3.2
118.0,P1/D/BH4/025,S025 ,23,24,,0.03,0.07,0.24,11.5,0.02,<10,20,0.25,0.53,0.01,0.04,44.5,2.9,8,0.05,26.7,1.48,0.89,0.08,0.08,<0.01,0.036,0.1,21.8,0.3,0.01,90,1.12,0.01,<0.05,4.9,70,7.3,4.1,<0.001,0.01,0.12,0.9,0.5,0.7,2.3,<0.01,0.01,15.3,<0.005,0.02,0.77,5,0.09,4.23,12,2.2
119.0,P1/D/BH4/026,S026 ,24,25,,0.31,0.14,0.3,59.7,0.23,<10,40,0.49,2.34,0.02,0.16,49.3,10.8,7,0.1,68.1,3.31,1.11,0.09,0.06,<0.01,0.037,0.15,24,0.5,0.02,398,0.97,0.01,<0.05,10,130,2.4,6.3,<0.001,<0.01,0.1,1.4,1.9,0.4,4.7,<0.01,0.02,17.8,<0.005,0.05,2.88,14,0.07,6.37,36,1.6
120.0,P1/D/BH4/027,S027 ,25,26,,0.05,0.28,0.25,19.8,0.02,<10,80,0.45,2.37,0.04,0.24,37.3,8.2,6,0.07,46,2.87,0.85,0.08,0.05,<0.01,0.052,0.15,18.2,0.5,0.04,733,0.82,0.01,<0.05,9.6,70,20.5,6.3,<0.001,<0.01,0.11,1.2,0.2,0.3,10.4,<0.01,<0.01,21.7,<0.005,0.06,4.6,10,0.07,6.75,64,1.5
121.0,P1/D/BH4/028,S028 ,26,27,,0.11,0.2,0.22,13.4,0.24,<10,40,0.27,0.72,0.04,0.2,39.1,2.4,8,0.08,24,1.45,0.7,0.07,0.05,<0.01,0.017,0.12,18.6,0.3,0.02,302,0.58,0.02,<0.05,3.5,60,66.9,5.1,<0.001,0.02,0.14,0.4,0.2,0.3,4.2,<0.01,0.02,18.4,<0.005,0.04,2.59,5,0.05,3.95,90,1.5
122.0,P1/D/BH4/029,S029 ,27,28,,0.07,0.13,0.23,8.1,0.09,<10,20,0.3,0.61,0.04,0.1,43.8,2.2,8,0.06,11.5,1.39,0.76,0.08,0.07,<0.01,0.017,0.11,20.6,0.3,0.03,267,0.85,0.02,<0.05,3.4,50,22.5,4.6,<0.001,<0.01,0.08,0.5,<0.2,0.6,5.2,<0.01,0.01,30.2,<0.005,0.04,2.86,6,0.05,5.01,23,1.9
123.0,P1/D/BH4/030,S030 ,28,29,,0.05,0.15,0.23,5,0.02,<10,40,0.27,0.27,0.05,0.15,38.7,2.5,8,0.09,16,1.37,0.84,0.08,0.04,<0.01,0.016,0.11,17.7,0.3,0.03,382,0.53,0.04,<0.05,3.3,70,22.9,4.8,<0.001,<0.01,0.07,0.6,<0.2,0.3,6.5,<0.01,<0.01,15,<0.005,0.06,2.63,5,<0.05,5.22,47,0.9
124.0,P1/D/BH4/031,S031 ,,,DUPL OF P1/D/BH4/036,0.02,0.07,0.03,11.3,<0.02,<10,10,0.09,0.07,0.01,0.1,1.36,1.9,10,<0.05,17.5,2.15,0.22,0.05,<0.02,<0.01,0.044,0.01,0.7,0.1,<0.01,192,0.83,<0.01,<0.05,3.6,<10,3.5,0.7,<0.001,0.12,0.14,0.3,0.4,<0.2,1.3,<0.01,0.01,0.5,<0.005,0.02,0.17,4,0.08,0.31,18,<0.5
125.0,P1/D/BH4/032,S032 ,29,30,,0.22,0.12,0.21,18.5,0.09,<10,50,0.34,0.24,0.03,0.43,32,4.7,8,0.06,6.8,3.75,0.74,0.07,0.04,<0.01,0.065,0.12,15.6,0.4,0.03,839,1.02,0.01,<0.05,6.3,50,6.5,5,<0.001,<0.01,0.12,1.1,0.2,0.6,8.7,<0.01,<0.01,14.6,<0.005,0.06,3.19,9,0.07,5.17,51,1.4
126.0,P1/D/BH4/033,S033 ,30,"30,40",,0.24,0.22,0.27,28,0.08,<10,100,0.25,0.78,0.02,0.17,42.4,2.4,7,0.07,6.2,2.38,0.87,0.09,0.07,0.01,0.025,0.14,20.3,0.4,0.01,232,1,0.01,<0.05,4,80,25.2,5.9,<0.001,<0.01,0.14,0.5,<0.2,0.2,7.6,<0.01,0.02,15.2,<0.005,0.07,1,5,0.06,2.57,75,2
127.0,P1/D/BH4/034,S034 ,"30,40","31,20",,0.86,0.72,0.18,72.5,0.94,<10,240,0.29,0.18,0.01,0.18,19.5,3,7,0.05,5.5,5.66,0.92,0.08,0.04,0.01,0.079,0.13,9.3,0.4,0.01,232,0.96,0.01,<0.05,4.2,60,10.4,5.2,<0.001,0.2,0.18,0.9,1.1,0.4,16,<0.01,0.01,6.5,<0.005,0.08,0.88,7,0.08,1.73,38,1.3
128.0,P1/D/BH4/035,S035 ,"31,20",32,,0.64,0.12,0.2,37.2,0.27,<10,30,0.24,0.64,0.02,0.13,37.3,1.7,8,0.05,14.2,3.16,1.03,0.07,0.05,<0.01,0.048,0.11,18.7,0.3,0.01,116,1.22,0.01,<0.05,4.1,90,21.1,4.4,<0.001,<0.01,0.18,0.8,0.3,0.7,11.4,<0.01,0.01,9.1,<0.005,0.03,0.64,5,0.05,1.82,50,1.3
129.0,P1/D/BH4/036,S036 ,32,33,QA/QC,0.02,0.08,0.03,9.9,<0.02,<10,20,0.07,0.07,0.01,0.1,1.74,1.7,11,<0.05,13.8,2.27,0.27,0.06,<0.02,0.01,0.039,0.02,0.8,0.1,<0.01,184,0.9,<0.01,<0.05,3.8,10,3.2,0.9,<0.001,0.1,0.16,0.3,0.2,<0.2,1.3,<0.01,0.01,0.5,<0.005,<0.02,0.17,4,0.08,0.3,16,<0.5
130.0,P1/D/BH4/037,S037 ,,,BLANK,<0.01,0.02,0.29,0.4,<0.02,<10,40,1.02,0.02,0.63,0.01,122.5,1.5,14,0.24,13.6,1.44,2,0.11,1.88,<0.01,0.005,0.18,76.1,1.3,0.08,125,5.15,0.07,0.46,3.8,150,27,16.5,<0.001,0.07,0.07,0.9,<0.2,0.9,60.5,<0.01,0.01,95.3,0.005,0.08,11.85,5,0.08,5.22,7,49
131.0,P1/D/BH4/038,S038 ,33,34,,0.01,0.06,0.34,1.9,0.02,<10,30,0.29,0.06,0.04,0.15,72.3,1.9,8,0.34,10.9,1.34,2.08,0.08,0.07,<0.01,0.02,0.19,23.6,0.7,0.04,180,0.9,0.02,0.26,2.8,90,8.3,15.9,<0.001,<0.01,0.08,1.7,<0.2,1.3,4.5,<0.01,0.02,24.2,0.018,0.09,1.73,6,<0.05,11,47,1.8
132.0,P1/D/BH4/039,S039 ,34,35,,0.01,0.06,0.25,2.5,<0.02,<10,30,0.28,0.07,0.08,0.1,89.3,1.2,7,0.25,13.1,1.21,1.84,0.11,0.04,<0.01,0.025,0.13,27.9,0.5,0.04,181,0.74,0.03,0.44,2,140,7,9.2,<0.001,<0.01,0.07,1.2,<0.2,0.8,6.7,<0.01,0.02,24.2,0.009,0.05,1.83,6,<0.05,12.15,38,1.1
133.0,P1/D/BH4/040,S040 ,35,36,,<0.01,0.05,0.36,0.4,<0.02,<10,30,0.23,0.02,0.07,0.06,64.6,0.9,7,0.46,4.9,1.37,2.47,0.09,0.03,0.01,0.023,0.2,13.1,0.9,0.06,160,0.54,0.03,0.43,1.5,80,6.1,18.5,<0.001,<0.01,0.06,1.8,<0.2,1.7,6.3,<0.01,<0.01,22.2,0.03,0.11,1.22,8,<0.05,10.95,43,0.8
134.0,P1/D/BH4/041,S041 ,36,37,,<0.01,0.05,0.35,0.9,<0.02,<10,30,0.2,0.02,0.07,0.04,55.8,1.1,7,0.43,6.9,1.22,2.38,0.09,0.03,<0.01,0.023,0.19,18.3,0.9,0.06,136,0.71,0.03,0.32,2.1,90,4.5,17.3,<0.001,<0.01,0.08,1.8,<0.2,1.7,6.4,<0.01,<0.01,25.3,0.026,0.1,1.24,7,<0.05,13.05,41,0.7
135.0,P1/D/BH4/042,S042 ,37,40,,0.04,0.1,0.24,2.5,0.02,<10,40,0.32,0.13,0.06,0.08,55.6,1.6,8,0.22,30.8,1.27,1.41,0.08,0.04,<0.01,0.017,0.12,26.7,0.4,0.04,204,0.67,0.03,0.24,2.9,90,6.7,6.6,<0.001,<0.01,0.09,0.9,0.2,0.4,6.7,<0.01,0.01,18.8,<0.005,0.03,1.7,6,<0.05,8.7,28,1
